date,datatype,station,value,temp_f,year,month,day
1998-04-01,TAVG,GHCND:USW00094728,60,6.0,1998,4,1
1998-04-02,TAVG,GHCND:USW00094728,58,5.8,1998,4,2
1998-04-03,TAVG,GHCND:USW00094728,54,5.4,1998,4,3
1998-04-04,TAVG,GHCND:USW00094728,43,4.3,1998,4,4
1998-04-05,TAVG,GHCND:USW00094728,44,4.4,1998,4,5
1998-04-06,TAVG,GHCND:USW00094728,50,5.0,1998,4,6
1998-04-07,TAVG,GHCND:USW00094728,55,5.5,1998,4,7
1998-04-08,TAVG,GHCND:USW00094728,55,5.5,1998,4,8
1998-04-09,TAVG,GHCND:USW00094728,44,4.4,1998,4,9
1998-04-10,TAVG,GHCND:USW00094728,47,4.7,1998,4,10
1998-04-11,TAVG,GHCND:USW00094728,52,5.2,1998,4,11
1998-04-12,TAVG,GHCND:USW00094728,53,5.3,1998,4,12
1998-04-13,TAVG,GHCND:USW00094728,58,5.8,1998,4,13
1998-04-14,TAVG,GHCND:USW00094728,57,5.7,1998,4,14
1998-04-15,TAVG,GHCND:USW00094728,55,5.5,1998,4,15
1998-04-16,TAVG,GHCND:USW00094728,54,5.4,1998,4,16
1998-04-17,TAVG,GHCND:USW00094728,63,6.3,1998,4,17
1998-04-18,TAVG,GHCND:USW00094728,57,5.7,1998,4,18
1998-04-19,TAVG,GHCND:USW00094728,53,5.3,1998,4,19
1998-04-20,TAVG,GHCND:USW00094728,53,5.3,1998,4,20
1998-04-21,TAVG,GHCND:USW00094728,59,5.9,1998,4,21
1998-04-22,TAVG,GHCND:USW00094728,60,6.0,1998,4,22
1998-04-23,TAVG,GHCND:USW00094728,50,5.0,1998,4,23
1998-04-24,TAVG,GHCND:USW00094728,60,6.0,1998,4,24
1998-04-25,TAVG,GHCND:USW00094728,60,6.0,1998,4,25
1998-04-26,TAVG,GHCND:USW00094728,48,4.8,1998,4,26
1998-04-27,TAVG,GHCND:USW00094728,49,4.9,1998,4,27
1998-04-28,TAVG,GHCND:USW00094728,52,5.2,1998,4,28
1998-04-29,TAVG,GHCND:USW00094728,60,6.0,1998,4,29
1998-04-30,TAVG,GHCND:USW00094728,65,6.5,1998,4,30
1998-05-01,TAVG,GHCND:USW00094728,61,6.1,1998,5,1
1998-05-02,TAVG,GHCND:USW00094728,63,6.3,1998,5,2
1998-05-03,TAVG,GHCND:USW00094728,60,6.0,1998,5,3
1998-05-04,TAVG,GHCND:USW00094728,59,5.9,1998,5,4
1998-05-05,TAVG,GHCND:USW00094728,59,5.9,1998,5,5
1998-05-06,TAVG,GHCND:USW00094728,61,6.1,1998,5,6
1998-05-07,TAVG,GHCND:USW00094728,62,6.2,1998,5,7
1998-05-08,TAVG,GHCND:USW00094728,56,5.6,1998,5,8
1998-05-09,TAVG,GHCND:USW00094728,57,5.7,1998,5,9
1998-05-10,TAVG,GHCND:USW00094728,56,5.6,1998,5,10
1998-05-11,TAVG,GHCND:USW00094728,54,5.4,1998,5,11
1998-05-12,TAVG,GHCND:USW00094728,57,5.7,1998,5,12
1998-05-13,TAVG,GHCND:USW00094728,54,5.4,1998,5,13
1998-05-14,TAVG,GHCND:USW00094728,59,5.9,1998,5,14
1998-05-15,TAVG,GHCND:USW00094728,69,6.9,1998,5,15
1998-05-16,TAVG,GHCND:USW00094728,74,7.4,1998,5,16
1998-05-17,TAVG,GHCND:USW00094728,63,6.3,1998,5,17
1998-05-18,TAVG,GHCND:USW00094728,70,7.0,1998,5,18
1998-05-19,TAVG,GHCND:USW00094728,74,7.4,1998,5,19
1998-05-20,TAVG,GHCND:USW00094728,69,6.9,1998,5,20
1998-05-21,TAVG,GHCND:USW00094728,70,7.0,1998,5,21
1998-05-22,TAVG,GHCND:USW00094728,62,6.2,1998,5,22
1998-05-23,TAVG,GHCND:USW00094728,64,6.4,1998,5,23
1998-05-24,TAVG,GHCND:USW00094728,69,6.9,1998,5,24
1998-05-25,TAVG,GHCND:USW00094728,64,6.4,1998,5,25
1998-05-26,TAVG,GHCND:USW00094728,69,6.9,1998,5,26
1998-05-27,TAVG,GHCND:USW00094728,70,7.0,1998,5,27
1998-05-28,TAVG,GHCND:USW00094728,75,7.5,1998,5,28
1998-05-29,TAVG,GHCND:USW00094728,75,7.5,1998,5,29
1998-05-30,TAVG,GHCND:USW00094728,76,7.6,1998,5,30
1998-06-01,TAVG,GHCND:USW00094728,66,6.6,1998,6,1
1998-06-02,TAVG,GHCND:USW00094728,63,6.3,1998,6,2
1998-06-03,TAVG,GHCND:USW00094728,62,6.2,1998,6,3
1998-06-04,TAVG,GHCND:USW00094728,61,6.1,1998,6,4
1998-06-05,TAVG,GHCND:USW00094728,62,6.2,1998,6,5
1998-06-06,TAVG,GHCND:USW00094728,63,6.3,1998,6,6
1998-06-07,TAVG,GHCND:USW00094728,61,6.1,1998,6,7
1998-06-08,TAVG,GHCND:USW00094728,59,5.9,1998,6,8
1998-06-09,TAVG,GHCND:USW00094728,63,6.3,1998,6,9
1998-06-10,TAVG,GHCND:USW00094728,64,6.4,1998,6,10
1998-06-11,TAVG,GHCND:USW00094728,66,6.6,1998,6,11
1998-06-12,TAVG,GHCND:USW00094728,63,6.3,1998,6,12
1998-06-13,TAVG,GHCND:USW00094728,67,6.7,1998,6,13
1998-06-14,TAVG,GHCND:USW00094728,66,6.6,1998,6,14
1998-06-15,TAVG,GHCND:USW00094728,68,6.8,1998,6,15
1998-06-16,TAVG,GHCND:USW00094728,75,7.5,1998,6,16
1998-06-17,TAVG,GHCND:USW00094728,73,7.3,1998,6,17
1998-06-18,TAVG,GHCND:USW00094728,74,7.4,1998,6,18
1998-06-19,TAVG,GHCND:USW00094728,76,7.6,1998,6,19
1998-06-20,TAVG,GHCND:USW00094728,79,7.9,1998,6,20
1998-06-21,TAVG,GHCND:USW00094728,76,7.6,1998,6,21
1998-06-22,TAVG,GHCND:USW00094728,70,7.0,1998,6,22
1998-06-23,TAVG,GHCND:USW00094728,71,7.1,1998,6,23
1998-06-24,TAVG,GHCND:USW00094728,77,7.7,1998,6,24
1998-06-25,TAVG,GHCND:USW00094728,81,8.1,1998,6,25
1998-06-26,TAVG,GHCND:USW00094728,84,8.4,1998,6,26
1998-06-27,TAVG,GHCND:USW00094728,77,7.7,1998,6,27
1998-06-28,TAVG,GHCND:USW00094728,71,7.1,1998,6,28
1998-06-29,TAVG,GHCND:USW00094728,71,7.1,1998,6,29
1998-06-30,TAVG,GHCND:USW00094728,74,7.4,1998,6,30
1998-07-01,TAVG,GHCND:USW00094728,70,7.0,1998,7,1
1998-07-02,TAVG,GHCND:USW00094728,73,7.3,1998,7,2
1998-07-03,TAVG,GHCND:USW00094728,77,7.7,1998,7,3
1998-07-04,TAVG,GHCND:USW00094728,76,7.6,1998,7,4
1998-07-05,TAVG,GHCND:USW00094728,74,7.4,1998,7,5
1998-07-06,TAVG,GHCND:USW00094728,71,7.1,1998,7,6
1998-07-07,TAVG,GHCND:USW00094728,72,7.2,1998,7,7
1998-07-08,TAVG,GHCND:USW00094728,67,6.7,1998,7,8
1998-07-09,TAVG,GHCND:USW00094728,73,7.3,1998,7,9
1998-07-10,TAVG,GHCND:USW00094728,75,7.5,1998,7,10
1998-07-11,TAVG,GHCND:USW00094728,72,7.2,1998,7,11
1998-07-12,TAVG,GHCND:USW00094728,74,7.4,1998,7,12
1998-07-13,TAVG,GHCND:USW00094728,77,7.7,1998,7,13
1998-07-14,TAVG,GHCND:USW00094728,78,7.8,1998,7,14
1998-07-15,TAVG,GHCND:USW00094728,79,7.9,1998,7,15
1998-07-16,TAVG,GHCND:USW00094728,80,8.0,1998,7,16
1998-07-17,TAVG,GHCND:USW00094728,80,8.0,1998,7,17
1998-07-18,TAVG,GHCND:USW00094728,80,8.0,1998,7,18
1998-07-19,TAVG,GHCND:USW00094728,79,7.9,1998,7,19
1998-07-20,TAVG,GHCND:USW00094728,81,8.1,1998,7,20
1998-07-21,TAVG,GHCND:USW00094728,82,8.2,1998,7,21
1998-07-22,TAVG,GHCND:USW00094728,86,8.6,1998,7,22
1998-07-23,TAVG,GHCND:USW00094728,82,8.2,1998,7,23
1998-07-24,TAVG,GHCND:USW00094728,79,7.9,1998,7,24
1998-07-25,TAVG,GHCND:USW00094728,76,7.6,1998,7,25
1998-07-26,TAVG,GHCND:USW00094728,76,7.6,1998,7,26
1998-07-27,TAVG,GHCND:USW00094728,78,7.8,1998,7,27
1998-07-28,TAVG,GHCND:USW00094728,79,7.9,1998,7,28
1998-07-29,TAVG,GHCND:USW00094728,82,8.2,1998,7,29
1998-07-30,TAVG,GHCND:USW00094728,80,8.0,1998,7,30
1998-08-01,TAVG,GHCND:USW00094728,73,7.3,1998,8,1
1998-08-02,TAVG,GHCND:USW00094728,74,7.4,1998,8,2
1998-08-03,TAVG,GHCND:USW00094728,77,7.7,1998,8,3
1998-08-04,TAVG,GHCND:USW00094728,79,7.9,1998,8,4
1998-08-05,TAVG,GHCND:USW00094728,78,7.8,1998,8,5
1998-08-06,TAVG,GHCND:USW00094728,79,7.9,1998,8,6
1998-08-07,TAVG,GHCND:USW00094728,76,7.6,1998,8,7
1998-08-08,TAVG,GHCND:USW00094728,76,7.6,1998,8,8
1998-08-09,TAVG,GHCND:USW00094728,79,7.9,1998,8,9
1998-08-10,TAVG,GHCND:USW00094728,79,7.9,1998,8,10
1998-08-11,TAVG,GHCND:USW00094728,80,8.0,1998,8,11
1998-08-12,TAVG,GHCND:USW00094728,77,7.7,1998,8,12
1998-08-13,TAVG,GHCND:USW00094728,73,7.3,1998,8,13
1998-08-14,TAVG,GHCND:USW00094728,73,7.3,1998,8,14
1998-08-15,TAVG,GHCND:USW00094728,77,7.7,1998,8,15
1998-08-16,TAVG,GHCND:USW00094728,79,7.9,1998,8,16
1998-08-17,TAVG,GHCND:USW00094728,76,7.6,1998,8,17
1998-08-18,TAVG,GHCND:USW00094728,76,7.6,1998,8,18
1998-08-19,TAVG,GHCND:USW00094728,66,6.6,1998,8,19
1998-08-20,TAVG,GHCND:USW00094728,69,6.9,1998,8,20
1998-08-21,TAVG,GHCND:USW00094728,74,7.4,1998,8,21
1998-08-22,TAVG,GHCND:USW00094728,76,7.6,1998,8,22
1998-08-23,TAVG,GHCND:USW00094728,78,7.8,1998,8,23
1998-08-24,TAVG,GHCND:USW00094728,83,8.3,1998,8,24
1998-08-25,TAVG,GHCND:USW00094728,84,8.4,1998,8,25
1998-08-26,TAVG,GHCND:USW00094728,79,7.9,1998,8,26
1998-08-27,TAVG,GHCND:USW00094728,79,7.9,1998,8,27
1998-08-28,TAVG,GHCND:USW00094728,78,7.8,1998,8,28
1998-08-29,TAVG,GHCND:USW00094728,79,7.9,1998,8,29
1998-08-30,TAVG,GHCND:USW00094728,80,8.0,1998,8,30
1998-08-31,TAVG,GHCND:USW00094728,77,7.7,1998,8,31
1998-09-01,TAVG,GHCND:USW00094728,74,7.4,1998,9,1
1998-09-03,TAVG,GHCND:USW00094728,69,6.9,1998,9,3
1998-09-04,TAVG,GHCND:USW00094728,74,7.4,1998,9,4
1998-09-05,TAVG,GHCND:USW00094728,72,7.2,1998,9,5
1998-09-06,TAVG,GHCND:USW00094728,79,7.9,1998,9,6
1998-09-07,TAVG,GHCND:USW00094728,77,7.7,1998,9,7
1998-09-08,TAVG,GHCND:USW00094728,66,6.6,1998,9,8
1998-09-09,TAVG,GHCND:USW00094728,61,6.1,1998,9,9
1998-09-10,TAVG,GHCND:USW00094728,64,6.4,1998,9,10
1998-09-11,TAVG,GHCND:USW00094728,68,6.8,1998,9,11
1998-09-12,TAVG,GHCND:USW00094728,76,7.6,1998,9,12
1998-09-13,TAVG,GHCND:USW00094728,75,7.5,1998,9,13
1998-09-14,TAVG,GHCND:USW00094728,73,7.3,1998,9,14
1998-09-15,TAVG,GHCND:USW00094728,77,7.7,1998,9,15
1998-09-16,TAVG,GHCND:USW00094728,79,7.9,1998,9,16
1998-09-17,TAVG,GHCND:USW00094728,72,7.2,1998,9,17
1998-09-18,TAVG,GHCND:USW00094728,68,6.8,1998,9,18
1998-09-19,TAVG,GHCND:USW00094728,70,7.0,1998,9,19
1998-09-20,TAVG,GHCND:USW00094728,73,7.3,1998,9,20
1998-09-21,TAVG,GHCND:USW00094728,77,7.7,1998,9,21
1998-09-22,TAVG,GHCND:USW00094728,69,6.9,1998,9,22
1998-09-23,TAVG,GHCND:USW00094728,59,5.9,1998,9,23
1998-09-24,TAVG,GHCND:USW00094728,59,5.9,1998,9,24
1998-09-25,TAVG,GHCND:USW00094728,66,6.6,1998,9,25
1998-09-26,TAVG,GHCND:USW00094728,71,7.1,1998,9,26
1998-09-27,TAVG,GHCND:USW00094728,79,7.9,1998,9,27
1998-09-28,TAVG,GHCND:USW00094728,67,6.7,1998,9,28
1998-09-29,TAVG,GHCND:USW00094728,62,6.2,1998,9,29
1998-09-30,TAVG,GHCND:USW00094728,67,6.7,1998,9,30
1998-10-01,TAVG,GHCND:USW00094728,64,6.4,1998,10,1
1998-10-02,TAVG,GHCND:USW00094728,57,5.7,1998,10,2
1998-10-03,TAVG,GHCND:USW00094728,55,5.5,1998,10,3
1998-10-04,TAVG,GHCND:USW00094728,53,5.3,1998,10,4
1998-10-05,TAVG,GHCND:USW00094728,62,6.2,1998,10,5
1998-10-06,TAVG,GHCND:USW00094728,53,5.3,1998,10,6
1998-10-07,TAVG,GHCND:USW00094728,56,5.6,1998,10,7
1998-10-08,TAVG,GHCND:USW00094728,66,6.6,1998,10,8
1998-10-09,TAVG,GHCND:USW00094728,61,6.1,1998,10,9
1998-10-10,TAVG,GHCND:USW00094728,60,6.0,1998,10,10
1998-10-11,TAVG,GHCND:USW00094728,65,6.5,1998,10,11
1998-10-12,TAVG,GHCND:USW00094728,60,6.0,1998,10,12
1998-10-13,TAVG,GHCND:USW00094728,59,5.9,1998,10,13
1998-10-14,TAVG,GHCND:USW00094728,60,6.0,1998,10,14
1998-10-15,TAVG,GHCND:USW00094728,56,5.6,1998,10,15
1998-10-16,TAVG,GHCND:USW00094728,57,5.7,1998,10,16
1998-10-17,TAVG,GHCND:USW00094728,58,5.8,1998,10,17
1998-10-18,TAVG,GHCND:USW00094728,65,6.5,1998,10,18
1998-10-19,TAVG,GHCND:USW00094728,65,6.5,1998,10,19
1998-10-20,TAVG,GHCND:USW00094728,59,5.9,1998,10,20
1998-10-21,TAVG,GHCND:USW00094728,52,5.2,1998,10,21
1998-10-22,TAVG,GHCND:USW00094728,48,4.8,1998,10,22
1998-10-23,TAVG,GHCND:USW00094728,53,5.3,1998,10,23
1998-10-24,TAVG,GHCND:USW00094728,62,6.2,1998,10,24
1998-10-25,TAVG,GHCND:USW00094728,64,6.4,1998,10,25
1998-10-26,TAVG,GHCND:USW00094728,58,5.8,1998,10,26
1998-10-27,TAVG,GHCND:USW00094728,55,5.5,1998,10,27
1998-10-28,TAVG,GHCND:USW00094728,57,5.7,1998,10,28
1998-10-29,TAVG,GHCND:USW00094728,52,5.2,1998,10,29
1998-10-30,TAVG,GHCND:USW00094728,51,5.1,1998,10,30
1998-10-31,TAVG,GHCND:USW00094728,51,5.1,1998,10,31
1998-11-01,TAVG,GHCND:USW00094728,50,5.0,1998,11,1
1998-11-02,TAVG,GHCND:USW00094728,49,4.9,1998,11,2
1998-11-03,TAVG,GHCND:USW00094728,45,4.5,1998,11,3
1998-11-04,TAVG,GHCND:USW00094728,44,4.4,1998,11,4
1998-11-05,TAVG,GHCND:USW00094728,43,4.3,1998,11,5
1998-11-06,TAVG,GHCND:USW00094728,42,4.2,1998,11,6
1998-11-07,TAVG,GHCND:USW00094728,45,4.5,1998,11,7
1998-11-08,TAVG,GHCND:USW00094728,46,4.6,1998,11,8
1998-11-09,TAVG,GHCND:USW00094728,49,4.9,1998,11,9
1998-11-10,TAVG,GHCND:USW00094728,49,4.9,1998,11,10
1998-11-11,TAVG,GHCND:USW00094728,56,5.6,1998,11,11
1998-11-12,TAVG,GHCND:USW00094728,49,4.9,1998,11,12
1998-11-13,TAVG,GHCND:USW00094728,49,4.9,1998,11,13
1998-11-14,TAVG,GHCND:USW00094728,52,5.2,1998,11,14
1998-11-15,TAVG,GHCND:USW00094728,54,5.4,1998,11,15
1998-11-16,TAVG,GHCND:USW00094728,48,4.8,1998,11,16
1998-11-17,TAVG,GHCND:USW00094728,48,4.8,1998,11,17
1998-11-18,TAVG,GHCND:USW00094728,45,4.5,1998,11,18
1998-11-19,TAVG,GHCND:USW00094728,45,4.5,1998,11,19
1998-11-20,TAVG,GHCND:USW00094728,54,5.4,1998,11,20
1998-11-21,TAVG,GHCND:USW00094728,45,4.5,1998,11,21
1998-11-22,TAVG,GHCND:USW00094728,43,4.3,1998,11,22
1998-11-23,TAVG,GHCND:USW00094728,49,4.9,1998,11,23
1998-11-24,TAVG,GHCND:USW00094728,51,5.1,1998,11,24
1998-11-25,TAVG,GHCND:USW00094728,45,4.5,1998,11,25
1998-11-26,TAVG,GHCND:USW00094728,49,4.9,1998,11,26
1998-11-27,TAVG,GHCND:USW00094728,45,4.5,1998,11,27
1998-11-28,TAVG,GHCND:USW00094728,52,5.2,1998,11,28
1998-11-29,TAVG,GHCND:USW00094728,55,5.5,1998,11,29
1998-11-30,TAVG,GHCND:USW00094728,55,5.5,1998,11,30
1998-12-01,TAVG,GHCND:USW00094728,55,5.5,1998,12,1
1998-12-02,TAVG,GHCND:USW00094728,55,5.5,1998,12,2
1998-12-03,TAVG,GHCND:USW00094728,61,6.1,1998,12,3
1998-12-04,TAVG,GHCND:USW00094728,67,6.7,1998,12,4
1998-12-05,TAVG,GHCND:USW00094728,58,5.8,1998,12,5
1998-12-06,TAVG,GHCND:USW00094728,58,5.8,1998,12,6
1998-12-07,TAVG,GHCND:USW00094728,63,6.3,1998,12,7
1998-12-08,TAVG,GHCND:USW00094728,48,4.8,1998,12,8
1998-12-09,TAVG,GHCND:USW00094728,44,4.4,1998,12,9
1998-12-10,TAVG,GHCND:USW00094728,45,4.5,1998,12,10
1998-12-11,TAVG,GHCND:USW00094728,43,4.3,1998,12,11
1998-12-12,TAVG,GHCND:USW00094728,42,4.2,1998,12,12
1998-12-13,TAVG,GHCND:USW00094728,44,4.4,1998,12,13
1998-12-14,TAVG,GHCND:USW00094728,39,3.9,1998,12,14
1998-12-15,TAVG,GHCND:USW00094728,42,4.2,1998,12,15
1998-12-16,TAVG,GHCND:USW00094728,46,4.6,1998,12,16
1998-12-17,TAVG,GHCND:USW00094728,42,4.2,1998,12,17
1998-12-18,TAVG,GHCND:USW00094728,36,3.6,1998,12,18
1998-12-19,TAVG,GHCND:USW00094728,44,4.4,1998,12,19
1998-12-20,TAVG,GHCND:USW00094728,48,4.8,1998,12,20
1998-12-21,TAVG,GHCND:USW00094728,49,4.9,1998,12,21
1998-12-22,TAVG,GHCND:USW00094728,43,4.3,1998,12,22
1998-12-23,TAVG,GHCND:USW00094728,24,2.4,1998,12,23
1998-12-24,TAVG,GHCND:USW00094728,28,2.8,1998,12,24
1998-12-25,TAVG,GHCND:USW00094728,29,2.9,1998,12,25
1998-12-26,TAVG,GHCND:USW00094728,30,3.0,1998,12,26
1998-12-27,TAVG,GHCND:USW00094728,34,3.4,1998,12,27
1998-12-28,TAVG,GHCND:USW00094728,42,4.2,1998,12,28
1998-12-29,TAVG,GHCND:USW00094728,39,3.9,1998,12,29
1998-12-30,TAVG,GHCND:USW00094728,28,2.8,1998,12,30
1998-12-31,TAVG,GHCND:USW00094728,21,2.1,1998,12,31
1999-01-01,TAVG,GHCND:USW00094728,20,2.0,1999,1,1
1999-01-02,TAVG,GHCND:USW00094728,17,1.7,1999,1,2
1999-01-03,TAVG,GHCND:USW00094728,38,3.8,1999,1,3
1999-01-04,TAVG,GHCND:USW00094728,26,2.6,1999,1,4
1999-01-05,TAVG,GHCND:USW00094728,23,2.3,1999,1,5
1999-01-06,TAVG,GHCND:USW00094728,26,2.6,1999,1,6
1999-01-07,TAVG,GHCND:USW00094728,29,2.9,1999,1,7
1999-01-08,TAVG,GHCND:USW00094728,30,3.0,1999,1,8
1999-01-09,TAVG,GHCND:USW00094728,36,3.6,1999,1,9
1999-01-10,TAVG,GHCND:USW00094728,26,2.6,1999,1,10
1999-01-11,TAVG,GHCND:USW00094728,23,2.3,1999,1,11
1999-01-12,TAVG,GHCND:USW00094728,38,3.8,1999,1,12
1999-01-13,TAVG,GHCND:USW00094728,36,3.6,1999,1,13
1999-01-14,TAVG,GHCND:USW00094728,19,1.9,1999,1,14
1999-01-15,TAVG,GHCND:USW00094728,30,3.0,1999,1,15
1999-01-16,TAVG,GHCND:USW00094728,34,3.4,1999,1,16
1999-01-17,TAVG,GHCND:USW00094728,46,4.6,1999,1,17
1999-01-18,TAVG,GHCND:USW00094728,47,4.7,1999,1,18
1999-01-19,TAVG,GHCND:USW00094728,44,4.4,1999,1,19
1999-01-20,TAVG,GHCND:USW00094728,42,4.2,1999,1,20
1999-01-21,TAVG,GHCND:USW00094728,41,4.1,1999,1,21
1999-01-22,TAVG,GHCND:USW00094728,41,4.1,1999,1,22
1999-01-23,TAVG,GHCND:USW00094728,48,4.8,1999,1,23
1999-01-24,TAVG,GHCND:USW00094728,51,5.1,1999,1,24
1999-01-25,TAVG,GHCND:USW00094728,38,3.8,1999,1,25
1999-01-26,TAVG,GHCND:USW00094728,37,3.7,1999,1,26
1999-01-27,TAVG,GHCND:USW00094728,42,4.2,1999,1,27
1999-01-28,TAVG,GHCND:USW00094728,40,4.0,1999,1,28
1999-01-29,TAVG,GHCND:USW00094728,35,3.5,1999,1,29
1999-01-30,TAVG,GHCND:USW00094728,32,3.2,1999,1,30
1999-01-31,TAVG,GHCND:USW00094728,25,2.5,1999,1,31
1999-02-01,TAVG,GHCND:USW00094728,35,3.5,1999,2,1
1999-02-02,TAVG,GHCND:USW00094728,48,4.8,1999,2,2
1999-02-03,TAVG,GHCND:USW00094728,51,5.1,1999,2,3
1999-02-04,TAVG,GHCND:USW00094728,45,4.5,1999,2,4
1999-02-05,TAVG,GHCND:USW00094728,41,4.1,1999,2,5
1999-02-06,TAVG,GHCND:USW00094728,40,4.0,1999,2,6
1999-02-07,TAVG,GHCND:USW00094728,40,4.0,1999,2,7
1999-02-08,TAVG,GHCND:USW00094728,36,3.6,1999,2,8
1999-02-09,TAVG,GHCND:USW00094728,39,3.9,1999,2,9
1999-02-10,TAVG,GHCND:USW00094728,48,4.8,1999,2,10
1999-02-11,TAVG,GHCND:USW00094728,46,4.6,1999,2,11
1999-02-12,TAVG,GHCND:USW00094728,51,5.1,1999,2,12
1999-02-13,TAVG,GHCND:USW00094728,37,3.7,1999,2,13
1999-02-15,TAVG,GHCND:USW00094728,36,3.6,1999,2,15
1999-02-18,TAVG,GHCND:USW00094728,41,4.1,1999,2,18
1999-02-19,TAVG,GHCND:USW00094728,38,3.8,1999,2,19
1999-02-20,TAVG,GHCND:USW00094728,36,3.6,1999,2,20
1999-02-21,TAVG,GHCND:USW00094728,31,3.1,1999,2,21
1999-02-22,TAVG,GHCND:USW00094728,22,2.2,1999,2,22
1999-02-23,TAVG,GHCND:USW00094728,22,2.2,1999,2,23
1999-02-24,TAVG,GHCND:USW00094728,31,3.1,1999,2,24
1999-02-25,TAVG,GHCND:USW00094728,34,3.4,1999,2,25
1999-02-26,TAVG,GHCND:USW00094728,39,3.9,1999,2,26
1999-02-27,TAVG,GHCND:USW00094728,42,4.2,1999,2,27
1999-02-28,TAVG,GHCND:USW00094728,46,4.6,1999,2,28
1999-03-01,TAVG,GHCND:USW00094728,42,4.2,1999,3,1
1999-03-02,TAVG,GHCND:USW00094728,42,4.2,1999,3,2
1999-03-03,TAVG,GHCND:USW00094728,49,4.9,1999,3,3
1999-03-04,TAVG,GHCND:USW00094728,43,4.3,1999,3,4
1999-03-05,TAVG,GHCND:USW00094728,36,3.6,1999,3,5
1999-03-06,TAVG,GHCND:USW00094728,42,4.2,1999,3,6
1999-03-07,TAVG,GHCND:USW00094728,30,3.0,1999,3,7
1999-03-08,TAVG,GHCND:USW00094728,26,2.6,1999,3,8
1999-03-09,TAVG,GHCND:USW00094728,28,2.8,1999,3,9
1999-03-10,TAVG,GHCND:USW00094728,35,3.5,1999,3,10
1999-03-11,TAVG,GHCND:USW00094728,33,3.3,1999,3,11
1999-03-12,TAVG,GHCND:USW00094728,32,3.2,1999,3,12
1999-03-13,TAVG,GHCND:USW00094728,39,3.9,1999,3,13
1999-03-14,TAVG,GHCND:USW00094728,38,3.8,1999,3,14
1999-03-15,TAVG,GHCND:USW00094728,37,3.7,1999,3,15
1999-03-16,TAVG,GHCND:USW00094728,41,4.1,1999,3,16
1999-03-17,TAVG,GHCND:USW00094728,54,5.4,1999,3,17
1999-03-18,TAVG,GHCND:USW00094728,57,5.7,1999,3,18
1999-03-19,TAVG,GHCND:USW00094728,43,4.3,1999,3,19
1999-03-20,TAVG,GHCND:USW00094728,43,4.3,1999,3,20
1999-03-21,TAVG,GHCND:USW00094728,43,4.3,1999,3,21
1999-03-22,TAVG,GHCND:USW00094728,45,4.5,1999,3,22
1999-03-23,TAVG,GHCND:USW00094728,44,4.4,1999,3,23
1999-03-24,TAVG,GHCND:USW00094728,52,5.2,1999,3,24
1999-03-25,TAVG,GHCND:USW00094728,45,4.5,1999,3,25
1999-03-26,TAVG,GHCND:USW00094728,43,4.3,1999,3,26
1999-03-27,TAVG,GHCND:USW00094728,46,4.6,1999,3,27
1999-03-28,TAVG,GHCND:USW00094728,46,4.6,1999,3,28
1999-03-29,TAVG,GHCND:USW00094728,57,5.7,1999,3,29
1999-03-30,TAVG,GHCND:USW00094728,55,5.5,1999,3,30
1999-03-31,TAVG,GHCND:USW00094728,62,6.2,1999,3,31
1999-04-01,TAVG,GHCND:USW00094728,58,5.8,1999,4,1
1999-04-02,TAVG,GHCND:USW00094728,57,5.7,1999,4,2
1999-04-03,TAVG,GHCND:USW00094728,51,5.1,1999,4,3
1999-04-04,TAVG,GHCND:USW00094728,54,5.4,1999,4,4
1999-04-05,TAVG,GHCND:USW00094728,47,4.7,1999,4,5
1999-04-06,TAVG,GHCND:USW00094728,54,5.4,1999,4,6
1999-04-07,TAVG,GHCND:USW00094728,61,6.1,1999,4,7
1999-04-08,TAVG,GHCND:USW00094728,68,6.8,1999,4,8
1999-04-09,TAVG,GHCND:USW00094728,53,5.3,1999,4,9
1999-04-10,TAVG,GHCND:USW00094728,51,5.1,1999,4,10
1999-04-11,TAVG,GHCND:USW00094728,42,4.2,1999,4,11
1999-04-12,TAVG,GHCND:USW00094728,47,4.7,1999,4,12
1999-04-13,TAVG,GHCND:USW00094728,51,5.1,1999,4,13
1999-04-14,TAVG,GHCND:USW00094728,55,5.5,1999,4,14
1999-04-15,TAVG,GHCND:USW00094728,58,5.8,1999,4,15
1999-04-16,TAVG,GHCND:USW00094728,50,5.0,1999,4,16
1999-04-17,TAVG,GHCND:USW00094728,51,5.1,1999,4,17
1999-04-19,TAVG,GHCND:USW00094728,51,5.1,1999,4,19
1999-04-20,TAVG,GHCND:USW00094728,48,4.8,1999,4,20
1999-04-22,TAVG,GHCND:USW00094728,55,5.5,1999,4,22
1999-04-23,TAVG,GHCND:USW00094728,50,5.0,1999,4,23
1999-04-24,TAVG,GHCND:USW00094728,50,5.0,1999,4,24
1999-04-25,TAVG,GHCND:USW00094728,53,5.3,1999,4,25
1999-04-26,TAVG,GHCND:USW00094728,63,6.3,1999,4,26
1999-04-27,TAVG,GHCND:USW00094728,55,5.5,1999,4,27
1999-04-28,TAVG,GHCND:USW00094728,57,5.7,1999,4,28
1999-04-29,TAVG,GHCND:USW00094728,59,5.9,1999,4,29
1999-04-30,TAVG,GHCND:USW00094728,55,5.5,1999,4,30
1999-05-01,TAVG,GHCND:USW00094728,57,5.7,1999,5,1
1999-05-02,TAVG,GHCND:USW00094728,59,5.9,1999,5,2
1999-05-03,TAVG,GHCND:USW00094728,57,5.7,1999,5,3
1999-05-04,TAVG,GHCND:USW00094728,57,5.7,1999,5,4
1999-05-05,TAVG,GHCND:USW00094728,64,6.4,1999,5,5
1999-05-06,TAVG,GHCND:USW00094728,61,6.1,1999,5,6
1999-05-07,TAVG,GHCND:USW00094728,57,5.7,1999,5,7
1999-05-08,TAVG,GHCND:USW00094728,59,5.9,1999,5,8
1999-05-09,TAVG,GHCND:USW00094728,65,6.5,1999,5,9
1999-05-10,TAVG,GHCND:USW00094728,64,6.4,1999,5,10
1999-05-11,TAVG,GHCND:USW00094728,62,6.2,1999,5,11
1999-05-12,TAVG,GHCND:USW00094728,64,6.4,1999,5,12
1999-05-13,TAVG,GHCND:USW00094728,61,6.1,1999,5,13
1999-05-14,TAVG,GHCND:USW00094728,58,5.8,1999,5,14
1999-05-15,TAVG,GHCND:USW00094728,60,6.0,1999,5,15
1999-05-16,TAVG,GHCND:USW00094728,59,5.9,1999,5,16
1999-05-17,TAVG,GHCND:USW00094728,61,6.1,1999,5,17
1999-05-18,TAVG,GHCND:USW00094728,60,6.0,1999,5,18
1999-05-19,TAVG,GHCND:USW00094728,63,6.3,1999,5,19
1999-05-20,TAVG,GHCND:USW00094728,65,6.5,1999,5,20
1999-05-21,TAVG,GHCND:USW00094728,65,6.5,1999,5,21
1999-05-22,TAVG,GHCND:USW00094728,69,6.9,1999,5,22
1999-05-23,TAVG,GHCND:USW00094728,62,6.2,1999,5,23
1999-05-24,TAVG,GHCND:USW00094728,61,6.1,1999,5,24
1999-05-25,TAVG,GHCND:USW00094728,62,6.2,1999,5,25
1999-05-26,TAVG,GHCND:USW00094728,66,6.6,1999,5,26
1999-05-27,TAVG,GHCND:USW00094728,64,6.4,1999,5,27
1999-05-28,TAVG,GHCND:USW00094728,69,6.9,1999,5,28
1999-05-29,TAVG,GHCND:USW00094728,76,7.6,1999,5,29
1999-05-30,TAVG,GHCND:USW00094728,77,7.7,1999,5,30
1999-05-31,TAVG,GHCND:USW00094728,79,7.9,1999,5,31
1999-06-01,TAVG,GHCND:USW00094728,77,7.7,1999,6,1
1999-06-02,TAVG,GHCND:USW00094728,80,8.0,1999,6,2
1999-06-03,TAVG,GHCND:USW00094728,75,7.5,1999,6,3
1999-06-04,TAVG,GHCND:USW00094728,70,7.0,1999,6,4
1999-06-05,TAVG,GHCND:USW00094728,69,6.9,1999,6,5
1999-06-06,TAVG,GHCND:USW00094728,69,6.9,1999,6,6
1999-06-07,TAVG,GHCND:USW00094728,82,8.2,1999,6,7
1999-06-08,TAVG,GHCND:USW00094728,85,8.5,1999,6,8
1999-06-09,TAVG,GHCND:USW00094728,76,7.6,1999,6,9
1999-06-10,TAVG,GHCND:USW00094728,67,6.7,1999,6,10
1999-06-11,TAVG,GHCND:USW00094728,66,6.6,1999,6,11
1999-06-12,TAVG,GHCND:USW00094728,67,6.7,1999,6,12
1999-06-13,TAVG,GHCND:USW00094728,72,7.2,1999,6,13
1999-06-14,TAVG,GHCND:USW00094728,73,7.3,1999,6,14
1999-06-15,TAVG,GHCND:USW00094728,74,7.4,1999,6,15
1999-06-16,TAVG,GHCND:USW00094728,66,6.6,1999,6,16
1999-06-17,TAVG,GHCND:USW00094728,62,6.2,1999,6,17
1999-06-18,TAVG,GHCND:USW00094728,66,6.6,1999,6,18
1999-06-19,TAVG,GHCND:USW00094728,69,6.9,1999,6,19
1999-06-20,TAVG,GHCND:USW00094728,67,6.7,1999,6,20
1999-06-21,TAVG,GHCND:USW00094728,64,6.4,1999,6,21
1999-06-22,TAVG,GHCND:USW00094728,71,7.1,1999,6,22
1999-06-23,TAVG,GHCND:USW00094728,78,7.8,1999,6,23
1999-06-24,TAVG,GHCND:USW00094728,78,7.8,1999,6,24
1999-06-25,TAVG,GHCND:USW00094728,75,7.5,1999,6,25
1999-06-26,TAVG,GHCND:USW00094728,82,8.2,1999,6,26
1999-06-27,TAVG,GHCND:USW00094728,83,8.3,1999,6,27
1999-06-28,TAVG,GHCND:USW00094728,83,8.3,1999,6,28
1999-06-29,TAVG,GHCND:USW00094728,83,8.3,1999,6,29
1999-06-30,TAVG,GHCND:USW00094728,75,7.5,1999,6,30
1999-07-01,TAVG,GHCND:USW00094728,74,7.4,1999,7,1
1999-07-02,TAVG,GHCND:USW00094728,81,8.1,1999,7,2
1999-07-03,TAVG,GHCND:USW00094728,81,8.1,1999,7,3
1999-07-04,TAVG,GHCND:USW00094728,88,8.8,1999,7,4
1999-07-05,TAVG,GHCND:USW00094728,92,9.2,1999,7,5
1999-07-06,TAVG,GHCND:USW00094728,92,9.2,1999,7,6
1999-07-07,TAVG,GHCND:USW00094728,85,8.5,1999,7,7
1999-07-08,TAVG,GHCND:USW00094728,80,8.0,1999,7,8
1999-07-09,TAVG,GHCND:USW00094728,78,7.8,1999,7,9
1999-07-10,TAVG,GHCND:USW00094728,76,7.6,1999,7,10
1999-07-11,TAVG,GHCND:USW00094728,72,7.2,1999,7,11
1999-07-12,TAVG,GHCND:USW00094728,71,7.1,1999,7,12
1999-07-13,TAVG,GHCND:USW00094728,71,7.1,1999,7,13
1999-07-14,TAVG,GHCND:USW00094728,70,7.0,1999,7,14
1999-07-15,TAVG,GHCND:USW00094728,77,7.7,1999,7,15
1999-07-16,TAVG,GHCND:USW00094728,85,8.5,1999,7,16
1999-07-17,TAVG,GHCND:USW00094728,88,8.8,1999,7,17
1999-07-18,TAVG,GHCND:USW00094728,89,8.9,1999,7,18
1999-07-19,TAVG,GHCND:USW00094728,89,8.9,1999,7,19
1999-07-20,TAVG,GHCND:USW00094728,78,7.8,1999,7,20
1999-07-21,TAVG,GHCND:USW00094728,77,7.7,1999,7,21
1999-07-22,TAVG,GHCND:USW00094728,78,7.8,1999,7,22
1999-07-23,TAVG,GHCND:USW00094728,82,8.2,1999,7,23
1999-07-24,TAVG,GHCND:USW00094728,88,8.8,1999,7,24
1999-07-25,TAVG,GHCND:USW00094728,87,8.7,1999,7,25
1999-07-26,TAVG,GHCND:USW00094728,84,8.4,1999,7,26
1999-07-27,TAVG,GHCND:USW00094728,85,8.5,1999,7,27
1999-07-28,TAVG,GHCND:USW00094728,84,8.4,1999,7,28
1999-07-29,TAVG,GHCND:USW00094728,84,8.4,1999,7,29
1999-07-30,TAVG,GHCND:USW00094728,83,8.3,1999,7,30
1999-07-31,TAVG,GHCND:USW00094728,83,8.3,1999,7,31
1999-08-01,TAVG,GHCND:USW00094728,89,8.9,1999,8,1
1999-08-02,TAVG,GHCND:USW00094728,81,8.1,1999,8,2
1999-08-03,TAVG,GHCND:USW00094728,78,7.8,1999,8,3
1999-08-04,TAVG,GHCND:USW00094728,79,7.9,1999,8,4
1999-08-05,TAVG,GHCND:USW00094728,79,7.9,1999,8,5
1999-08-06,TAVG,GHCND:USW00094728,78,7.8,1999,8,6
1999-08-07,TAVG,GHCND:USW00094728,78,7.8,1999,8,7
1999-08-08,TAVG,GHCND:USW00094728,77,7.7,1999,8,8
1999-08-09,TAVG,GHCND:USW00094728,74,7.4,1999,8,9
1999-08-10,TAVG,GHCND:USW00094728,71,7.1,1999,8,10
1999-08-11,TAVG,GHCND:USW00094728,77,7.7,1999,8,11
1999-08-12,TAVG,GHCND:USW00094728,81,8.1,1999,8,12
1999-08-13,TAVG,GHCND:USW00094728,81,8.1,1999,8,13
1999-08-14,TAVG,GHCND:USW00094728,78,7.8,1999,8,14
1999-08-15,TAVG,GHCND:USW00094728,75,7.5,1999,8,15
1999-08-16,TAVG,GHCND:USW00094728,77,7.7,1999,8,16
1999-08-17,TAVG,GHCND:USW00094728,79,7.9,1999,8,17
1999-08-18,TAVG,GHCND:USW00094728,81,8.1,1999,8,18
1999-08-19,TAVG,GHCND:USW00094728,76,7.6,1999,8,19
1999-08-20,TAVG,GHCND:USW00094728,67,6.7,1999,8,20
1999-08-21,TAVG,GHCND:USW00094728,62,6.2,1999,8,21
1999-08-22,TAVG,GHCND:USW00094728,66,6.6,1999,8,22
1999-08-23,TAVG,GHCND:USW00094728,74,7.4,1999,8,23
1999-08-24,TAVG,GHCND:USW00094728,78,7.8,1999,8,24
1999-08-25,TAVG,GHCND:USW00094728,75,7.5,1999,8,25
1999-08-26,TAVG,GHCND:USW00094728,73,7.3,1999,8,26
1999-08-27,TAVG,GHCND:USW00094728,75,7.5,1999,8,27
1999-08-28,TAVG,GHCND:USW00094728,79,7.9,1999,8,28
1999-08-29,TAVG,GHCND:USW00094728,77,7.7,1999,8,29
1999-08-30,TAVG,GHCND:USW00094728,65,6.5,1999,8,30
1999-08-31,TAVG,GHCND:USW00094728,68,6.8,1999,8,31
1999-09-01,TAVG,GHCND:USW00094728,70,7.0,1999,9,1
1999-09-02,TAVG,GHCND:USW00094728,73,7.3,1999,9,2
1999-09-03,TAVG,GHCND:USW00094728,73,7.3,1999,9,3
1999-09-04,TAVG,GHCND:USW00094728,75,7.5,1999,9,4
1999-09-05,TAVG,GHCND:USW00094728,74,7.4,1999,9,5
1999-09-06,TAVG,GHCND:USW00094728,79,7.9,1999,9,6
1999-09-07,TAVG,GHCND:USW00094728,76,7.6,1999,9,7
1999-09-08,TAVG,GHCND:USW00094728,77,7.7,1999,9,8
1999-09-09,TAVG,GHCND:USW00094728,77,7.7,1999,9,9
1999-09-10,TAVG,GHCND:USW00094728,72,7.2,1999,9,10
1999-09-11,TAVG,GHCND:USW00094728,71,7.1,1999,9,11
1999-09-12,TAVG,GHCND:USW00094728,71,7.1,1999,9,12
1999-09-15,TAVG,GHCND:USW00094728,69,6.9,1999,9,15
1999-09-16,TAVG,GHCND:USW00094728,67,6.7,1999,9,16
1999-09-17,TAVG,GHCND:USW00094728,66,6.6,1999,9,17
1999-09-18,TAVG,GHCND:USW00094728,65,6.5,1999,9,18
1999-09-19,TAVG,GHCND:USW00094728,67,6.7,1999,9,19
1999-09-20,TAVG,GHCND:USW00094728,68,6.8,1999,9,20
1999-09-21,TAVG,GHCND:USW00094728,61,6.1,1999,9,21
1999-09-22,TAVG,GHCND:USW00094728,54,5.4,1999,9,22
1999-09-23,TAVG,GHCND:USW00094728,61,6.1,1999,9,23
1999-09-24,TAVG,GHCND:USW00094728,68,6.8,1999,9,24
1999-09-25,TAVG,GHCND:USW00094728,68,6.8,1999,9,25
1999-09-26,TAVG,GHCND:USW00094728,62,6.2,1999,9,26
1999-09-27,TAVG,GHCND:USW00094728,66,6.6,1999,9,27
1999-09-28,TAVG,GHCND:USW00094728,72,7.2,1999,9,28
1999-09-29,TAVG,GHCND:USW00094728,71,7.1,1999,9,29
1999-09-30,TAVG,GHCND:USW00094728,64,6.4,1999,9,30
1999-10-01,TAVG,GHCND:USW00094728,61,6.1,1999,10,1
1999-10-02,TAVG,GHCND:USW00094728,64,6.4,1999,10,2
1999-10-03,TAVG,GHCND:USW00094728,68,6.8,1999,10,3
1999-10-04,TAVG,GHCND:USW00094728,60,6.0,1999,10,4
1999-10-05,TAVG,GHCND:USW00094728,50,5.0,1999,10,5
1999-10-06,TAVG,GHCND:USW00094728,55,5.5,1999,10,6
1999-10-07,TAVG,GHCND:USW00094728,46,4.6,1999,10,7
1999-10-08,TAVG,GHCND:USW00094728,53,5.3,1999,10,8
1999-10-09,TAVG,GHCND:USW00094728,64,6.4,1999,10,9
1999-10-10,TAVG,GHCND:USW00094728,64,6.4,1999,10,10
1999-10-11,TAVG,GHCND:USW00094728,63,6.3,1999,10,11
1999-10-12,TAVG,GHCND:USW00094728,58,5.8,1999,10,12
1999-10-13,TAVG,GHCND:USW00094728,62,6.2,1999,10,13
1999-10-14,TAVG,GHCND:USW00094728,54,5.4,1999,10,14
1999-10-15,TAVG,GHCND:USW00094728,50,5.0,1999,10,15
1999-10-16,TAVG,GHCND:USW00094728,60,6.0,1999,10,16
1999-10-17,TAVG,GHCND:USW00094728,64,6.4,1999,10,17
1999-10-18,TAVG,GHCND:USW00094728,54,5.4,1999,10,18
1999-10-19,TAVG,GHCND:USW00094728,48,4.8,1999,10,19
1999-10-20,TAVG,GHCND:USW00094728,53,5.3,1999,10,20
1999-10-21,TAVG,GHCND:USW00094728,52,5.2,1999,10,21
1999-10-22,TAVG,GHCND:USW00094728,55,5.5,1999,10,22
1999-10-23,TAVG,GHCND:USW00094728,50,5.0,1999,10,23
1999-10-24,TAVG,GHCND:USW00094728,49,4.9,1999,10,24
1999-10-25,TAVG,GHCND:USW00094728,50,5.0,1999,10,25
1999-10-26,TAVG,GHCND:USW00094728,56,5.6,1999,10,26
1999-10-27,TAVG,GHCND:USW00094728,53,5.3,1999,10,27
1999-10-28,TAVG,GHCND:USW00094728,48,4.8,1999,10,28
1999-10-29,TAVG,GHCND:USW00094728,59,5.9,1999,10,29
1999-10-30,TAVG,GHCND:USW00094728,60,6.0,1999,10,30
1999-10-31,TAVG,GHCND:USW00094728,64,6.4,1999,10,31
1999-11-01,TAVG,GHCND:USW00094728,61,6.1,1999,11,1
1999-11-02,TAVG,GHCND:USW00094728,61,6.1,1999,11,2
1999-11-03,TAVG,GHCND:USW00094728,52,5.2,1999,11,3
1999-11-04,TAVG,GHCND:USW00094728,48,4.8,1999,11,4
1999-11-05,TAVG,GHCND:USW00094728,54,5.4,1999,11,5
1999-11-06,TAVG,GHCND:USW00094728,59,5.9,1999,11,6
1999-11-07,TAVG,GHCND:USW00094728,44,4.4,1999,11,7
1999-11-08,TAVG,GHCND:USW00094728,42,4.2,1999,11,8
1999-11-09,TAVG,GHCND:USW00094728,52,5.2,1999,11,9
1999-11-10,TAVG,GHCND:USW00094728,65,6.5,1999,11,10
1999-11-11,TAVG,GHCND:USW00094728,52,5.2,1999,11,11
1999-11-12,TAVG,GHCND:USW00094728,43,4.3,1999,11,12
1999-11-13,TAVG,GHCND:USW00094728,51,5.1,1999,11,13
1999-11-14,TAVG,GHCND:USW00094728,52,5.2,1999,11,14
1999-11-15,TAVG,GHCND:USW00094728,42,4.2,1999,11,15
1999-11-16,TAVG,GHCND:USW00094728,37,3.7,1999,11,16
1999-11-17,TAVG,GHCND:USW00094728,39,3.9,1999,11,17
1999-11-18,TAVG,GHCND:USW00094728,43,4.3,1999,11,18
1999-11-19,TAVG,GHCND:USW00094728,54,5.4,1999,11,19
1999-11-20,TAVG,GHCND:USW00094728,61,6.1,1999,11,20
1999-11-21,TAVG,GHCND:USW00094728,58,5.8,1999,11,21
1999-11-22,TAVG,GHCND:USW00094728,55,5.5,1999,11,22
1999-11-23,TAVG,GHCND:USW00094728,58,5.8,1999,11,23
1999-11-24,TAVG,GHCND:USW00094728,61,6.1,1999,11,24
1999-11-25,TAVG,GHCND:USW00094728,54,5.4,1999,11,25
1999-11-26,TAVG,GHCND:USW00094728,56,5.6,1999,11,26
1999-11-27,TAVG,GHCND:USW00094728,56,5.6,1999,11,27
1999-11-28,TAVG,GHCND:USW00094728,47,4.7,1999,11,28
1999-11-29,TAVG,GHCND:USW00094728,41,4.1,1999,11,29
1999-11-30,TAVG,GHCND:USW00094728,34,3.4,1999,11,30
1999-12-01,TAVG,GHCND:USW00094728,29,2.9,1999,12,1
1999-12-02,TAVG,GHCND:USW00094728,38,3.8,1999,12,2
1999-12-03,TAVG,GHCND:USW00094728,48,4.8,1999,12,3
1999-12-04,TAVG,GHCND:USW00094728,53,5.3,1999,12,4
1999-12-05,TAVG,GHCND:USW00094728,57,5.7,1999,12,5
1999-12-06,TAVG,GHCND:USW00094728,56,5.6,1999,12,6
1999-12-07,TAVG,GHCND:USW00094728,44,4.4,1999,12,7
1999-12-08,TAVG,GHCND:USW00094728,43,4.3,1999,12,8
1999-12-09,TAVG,GHCND:USW00094728,47,4.7,1999,12,9
1999-12-10,TAVG,GHCND:USW00094728,50,5.0,1999,12,10
1999-12-11,TAVG,GHCND:USW00094728,41,4.1,1999,12,11
1999-12-12,TAVG,GHCND:USW00094728,41,4.1,1999,12,12
1999-12-13,TAVG,GHCND:USW00094728,41,4.1,1999,12,13
1999-12-14,TAVG,GHCND:USW00094728,42,4.2,1999,12,14
1999-12-15,TAVG,GHCND:USW00094728,46,4.6,1999,12,15
1999-12-16,TAVG,GHCND:USW00094728,44,4.4,1999,12,16
1999-12-17,TAVG,GHCND:USW00094728,39,3.9,1999,12,17
1999-12-18,TAVG,GHCND:USW00094728,38,3.8,1999,12,18
1999-12-19,TAVG,GHCND:USW00094728,36,3.6,1999,12,19
1999-12-20,TAVG,GHCND:USW00094728,47,4.7,1999,12,20
1999-12-21,TAVG,GHCND:USW00094728,43,4.3,1999,12,21
1999-12-22,TAVG,GHCND:USW00094728,36,3.6,1999,12,22
1999-12-23,TAVG,GHCND:USW00094728,36,3.6,1999,12,23
1999-12-24,TAVG,GHCND:USW00094728,26,2.6,1999,12,24
1999-12-25,TAVG,GHCND:USW00094728,24,2.4,1999,12,25
1999-12-26,TAVG,GHCND:USW00094728,30,3.0,1999,12,26
1999-12-27,TAVG,GHCND:USW00094728,32,3.2,1999,12,27
1999-12-28,TAVG,GHCND:USW00094728,25,2.5,1999,12,28
1999-12-29,TAVG,GHCND:USW00094728,32,3.2,1999,12,29
1999-12-30,TAVG,GHCND:USW00094728,43,4.3,1999,12,30
1999-12-31,TAVG,GHCND:USW00094728,39,3.9,1999,12,31
2000-01-01,TAVG,GHCND:USW00094728,42,4.2,2000,1,1
2000-01-02,TAVG,GHCND:USW00094728,52,5.2,2000,1,2
2000-01-03,TAVG,GHCND:USW00094728,58,5.8,2000,1,3
2000-01-04,TAVG,GHCND:USW00094728,53,5.3,2000,1,4
2000-01-05,TAVG,GHCND:USW00094728,38,3.8,2000,1,5
2000-01-06,TAVG,GHCND:USW00094728,35,3.5,2000,1,6
2000-01-07,TAVG,GHCND:USW00094728,42,4.2,2000,1,7
2000-01-08,TAVG,GHCND:USW00094728,34,3.4,2000,1,8
2000-01-09,TAVG,GHCND:USW00094728,44,4.4,2000,1,9
2000-01-10,TAVG,GHCND:USW00094728,51,5.1,2000,1,10
2000-01-11,TAVG,GHCND:USW00094728,46,4.6,2000,1,11
2000-01-12,TAVG,GHCND:USW00094728,43,4.3,2000,1,12
2000-01-13,TAVG,GHCND:USW00094728,29,2.9,2000,1,13
2000-01-14,TAVG,GHCND:USW00094728,18,1.8,2000,1,14
2000-01-15,TAVG,GHCND:USW00094728,24,2.4,2000,1,15
2000-01-16,TAVG,GHCND:USW00094728,34,3.4,2000,1,16
2000-01-17,TAVG,GHCND:USW00094728,14,1.4,2000,1,17
2000-01-18,TAVG,GHCND:USW00094728,11,1.1,2000,1,18
2000-01-19,TAVG,GHCND:USW00094728,20,2.0,2000,1,19
2000-01-20,TAVG,GHCND:USW00094728,26,2.6,2000,1,20
2000-01-21,TAVG,GHCND:USW00094728,17,1.7,2000,1,21
2000-01-22,TAVG,GHCND:USW00094728,14,1.4,2000,1,22
2000-01-23,TAVG,GHCND:USW00094728,23,2.3,2000,1,23
2000-01-24,TAVG,GHCND:USW00094728,32,3.2,2000,1,24
2000-01-25,TAVG,GHCND:USW00094728,28,2.8,2000,1,25
2000-01-26,TAVG,GHCND:USW00094728,27,2.7,2000,1,26
2000-01-27,TAVG,GHCND:USW00094728,17,1.7,2000,1,27
2000-01-28,TAVG,GHCND:USW00094728,16,1.6,2000,1,28
2000-01-29,TAVG,GHCND:USW00094728,26,2.6,2000,1,29
2000-01-30,TAVG,GHCND:USW00094728,29,2.9,2000,1,30
2000-01-31,TAVG,GHCND:USW00094728,34,3.4,2000,1,31
2000-02-01,TAVG,GHCND:USW00094728,31,3.1,2000,2,1
2000-02-02,TAVG,GHCND:USW00094728,25,2.5,2000,2,2
2000-02-03,TAVG,GHCND:USW00094728,27,2.7,2000,2,3
2000-02-04,TAVG,GHCND:USW00094728,30,3.0,2000,2,4
2000-02-05,TAVG,GHCND:USW00094728,31,3.1,2000,2,5
2000-02-06,TAVG,GHCND:USW00094728,33,3.3,2000,2,6
2000-02-07,TAVG,GHCND:USW00094728,36,3.6,2000,2,7
2000-02-08,TAVG,GHCND:USW00094728,25,2.5,2000,2,8
2000-02-09,TAVG,GHCND:USW00094728,36,3.6,2000,2,9
2000-02-10,TAVG,GHCND:USW00094728,43,4.3,2000,2,10
2000-02-11,TAVG,GHCND:USW00094728,40,4.0,2000,2,11
2000-02-12,TAVG,GHCND:USW00094728,28,2.8,2000,2,12
2000-02-13,TAVG,GHCND:USW00094728,33,3.3,2000,2,13
2000-02-14,TAVG,GHCND:USW00094728,46,4.6,2000,2,14
2000-02-15,TAVG,GHCND:USW00094728,37,3.7,2000,2,15
2000-02-16,TAVG,GHCND:USW00094728,43,4.3,2000,2,16
2000-02-17,TAVG,GHCND:USW00094728,33,3.3,2000,2,17
2000-02-18,TAVG,GHCND:USW00094728,32,3.2,2000,2,18
2000-02-19,TAVG,GHCND:USW00094728,31,3.1,2000,2,19
2000-02-20,TAVG,GHCND:USW00094728,34,3.4,2000,2,20
2000-02-21,TAVG,GHCND:USW00094728,36,3.6,2000,2,21
2000-02-22,TAVG,GHCND:USW00094728,43,4.3,2000,2,22
2000-02-23,TAVG,GHCND:USW00094728,47,4.7,2000,2,23
2000-02-24,TAVG,GHCND:USW00094728,56,5.6,2000,2,24
2000-02-25,TAVG,GHCND:USW00094728,50,5.0,2000,2,25
2000-02-26,TAVG,GHCND:USW00094728,42,4.2,2000,2,26
2000-02-27,TAVG,GHCND:USW00094728,49,4.9,2000,2,27
2000-02-28,TAVG,GHCND:USW00094728,48,4.8,2000,2,28
2000-02-29,TAVG,GHCND:USW00094728,45,4.5,2000,2,29
2000-03-01,TAVG,GHCND:USW00094728,43,4.3,2000,3,1
2000-03-02,TAVG,GHCND:USW00094728,42,4.2,2000,3,2
2000-03-03,TAVG,GHCND:USW00094728,40,4.0,2000,3,3
2000-03-04,TAVG,GHCND:USW00094728,43,4.3,2000,3,4
2000-03-05,TAVG,GHCND:USW00094728,49,4.9,2000,3,5
2000-03-06,TAVG,GHCND:USW00094728,47,4.7,2000,3,6
2000-03-07,TAVG,GHCND:USW00094728,52,5.2,2000,3,7
2000-03-09,TAVG,GHCND:USW00094728,59,5.9,2000,3,9
2000-03-10,TAVG,GHCND:USW00094728,53,5.3,2000,3,10
2000-03-11,TAVG,GHCND:USW00094728,41,4.1,2000,3,11
2000-03-12,TAVG,GHCND:USW00094728,42,4.2,2000,3,12
2000-03-13,TAVG,GHCND:USW00094728,40,4.0,2000,3,13
2000-03-14,TAVG,GHCND:USW00094728,46,4.6,2000,3,14
2000-03-15,TAVG,GHCND:USW00094728,53,5.3,2000,3,15
2000-03-16,TAVG,GHCND:USW00094728,58,5.8,2000,3,16
2000-03-17,TAVG,GHCND:USW00094728,41,4.1,2000,3,17
2000-03-18,TAVG,GHCND:USW00094728,30,3.0,2000,3,18
2000-03-19,TAVG,GHCND:USW00094728,37,3.7,2000,3,19
2000-03-20,TAVG,GHCND:USW00094728,41,4.1,2000,3,20
2000-03-21,TAVG,GHCND:USW00094728,40,4.0,2000,3,21
2000-03-22,TAVG,GHCND:USW00094728,45,4.5,2000,3,22
2000-03-23,TAVG,GHCND:USW00094728,51,5.1,2000,3,23
2000-03-24,TAVG,GHCND:USW00094728,59,5.9,2000,3,24
2000-03-25,TAVG,GHCND:USW00094728,57,5.7,2000,3,25
2000-03-26,TAVG,GHCND:USW00094728,57,5.7,2000,3,26
2000-03-27,TAVG,GHCND:USW00094728,51,5.1,2000,3,27
2000-03-28,TAVG,GHCND:USW00094728,53,5.3,2000,3,28
2000-03-29,TAVG,GHCND:USW00094728,50,5.0,2000,3,29
2000-03-30,TAVG,GHCND:USW00094728,51,5.1,2000,3,30
2000-03-31,TAVG,GHCND:USW00094728,48,4.8,2000,3,31
2000-04-01,TAVG,GHCND:USW00094728,53,5.3,2000,4,1
2000-04-02,TAVG,GHCND:USW00094728,59,5.9,2000,4,2
2000-04-03,TAVG,GHCND:USW00094728,60,6.0,2000,4,3
2000-04-04,TAVG,GHCND:USW00094728,57,5.7,2000,4,4
2000-04-05,TAVG,GHCND:USW00094728,45,4.5,2000,4,5
2000-04-06,TAVG,GHCND:USW00094728,56,5.6,2000,4,6
2000-04-07,TAVG,GHCND:USW00094728,58,5.8,2000,4,7
2000-04-08,TAVG,GHCND:USW00094728,61,6.1,2000,4,8
2000-04-09,TAVG,GHCND:USW00094728,40,4.0,2000,4,9
2000-04-10,TAVG,GHCND:USW00094728,46,4.6,2000,4,10
2000-04-11,TAVG,GHCND:USW00094728,40,4.0,2000,4,11
2000-04-12,TAVG,GHCND:USW00094728,45,4.5,2000,4,12
2000-04-13,TAVG,GHCND:USW00094728,44,4.4,2000,4,13
2000-04-14,TAVG,GHCND:USW00094728,47,4.7,2000,4,14
2000-04-15,TAVG,GHCND:USW00094728,55,5.5,2000,4,15
2000-04-16,TAVG,GHCND:USW00094728,65,6.5,2000,4,16
2000-04-17,TAVG,GHCND:USW00094728,48,4.8,2000,4,17
2000-04-18,TAVG,GHCND:USW00094728,44,4.4,2000,4,18
2000-04-19,TAVG,GHCND:USW00094728,52,5.2,2000,4,19
2000-04-20,TAVG,GHCND:USW00094728,57,5.7,2000,4,20
2000-04-21,TAVG,GHCND:USW00094728,47,4.7,2000,4,21
2000-04-22,TAVG,GHCND:USW00094728,47,4.7,2000,4,22
2000-04-23,TAVG,GHCND:USW00094728,47,4.7,2000,4,23
2000-04-24,TAVG,GHCND:USW00094728,57,5.7,2000,4,24
2000-04-25,TAVG,GHCND:USW00094728,52,5.2,2000,4,25
2000-04-26,TAVG,GHCND:USW00094728,44,4.4,2000,4,26
2000-04-27,TAVG,GHCND:USW00094728,45,4.5,2000,4,27
2000-04-28,TAVG,GHCND:USW00094728,53,5.3,2000,4,28
2000-04-29,TAVG,GHCND:USW00094728,57,5.7,2000,4,29
2000-04-30,TAVG,GHCND:USW00094728,58,5.8,2000,4,30
2000-05-01,TAVG,GHCND:USW00094728,55,5.5,2000,5,1
2000-05-02,TAVG,GHCND:USW00094728,62,6.2,2000,5,2
2000-05-03,TAVG,GHCND:USW00094728,59,5.9,2000,5,3
2000-05-04,TAVG,GHCND:USW00094728,61,6.1,2000,5,4
2000-05-05,TAVG,GHCND:USW00094728,73,7.3,2000,5,5
2000-05-06,TAVG,GHCND:USW00094728,79,7.9,2000,5,6
2000-05-07,TAVG,GHCND:USW00094728,77,7.7,2000,5,7
2000-05-08,TAVG,GHCND:USW00094728,81,8.1,2000,5,8
2000-05-09,TAVG,GHCND:USW00094728,83,8.3,2000,5,9
2000-05-10,TAVG,GHCND:USW00094728,65,6.5,2000,5,10
2000-05-11,TAVG,GHCND:USW00094728,63,6.3,2000,5,11
2000-05-12,TAVG,GHCND:USW00094728,63,6.3,2000,5,12
2000-05-13,TAVG,GHCND:USW00094728,64,6.4,2000,5,13
2000-05-14,TAVG,GHCND:USW00094728,65,6.5,2000,5,14
2000-05-15,TAVG,GHCND:USW00094728,59,5.9,2000,5,15
2000-05-16,TAVG,GHCND:USW00094728,61,6.1,2000,5,16
2000-05-17,TAVG,GHCND:USW00094728,65,6.5,2000,5,17
2000-05-18,TAVG,GHCND:USW00094728,70,7.0,2000,5,18
2000-05-19,TAVG,GHCND:USW00094728,55,5.5,2000,5,19
2000-05-20,TAVG,GHCND:USW00094728,49,4.9,2000,5,20
2000-05-21,TAVG,GHCND:USW00094728,53,5.3,2000,5,21
2000-05-22,TAVG,GHCND:USW00094728,55,5.5,2000,5,22
2000-05-23,TAVG,GHCND:USW00094728,58,5.8,2000,5,23
2000-05-24,TAVG,GHCND:USW00094728,68,6.8,2000,5,24
2000-05-25,TAVG,GHCND:USW00094728,67,6.7,2000,5,25
2000-05-26,TAVG,GHCND:USW00094728,68,6.8,2000,5,26
2000-05-27,TAVG,GHCND:USW00094728,62,6.2,2000,5,27
2000-05-28,TAVG,GHCND:USW00094728,62,6.2,2000,5,28
2000-05-29,TAVG,GHCND:USW00094728,59,5.9,2000,5,29
2000-05-30,TAVG,GHCND:USW00094728,57,5.7,2000,5,30
2000-05-31,TAVG,GHCND:USW00094728,60,6.0,2000,5,31
2000-06-01,TAVG,GHCND:USW00094728,72,7.2,2000,6,1
2000-06-02,TAVG,GHCND:USW00094728,80,8.0,2000,6,2
2000-06-03,TAVG,GHCND:USW00094728,68,6.8,2000,6,3
2000-06-04,TAVG,GHCND:USW00094728,67,6.7,2000,6,4
2000-06-05,TAVG,GHCND:USW00094728,64,6.4,2000,6,5
2000-06-06,TAVG,GHCND:USW00094728,55,5.5,2000,6,6
2000-06-07,TAVG,GHCND:USW00094728,61,6.1,2000,6,7
2000-06-08,TAVG,GHCND:USW00094728,70,7.0,2000,6,8
2000-06-09,TAVG,GHCND:USW00094728,77,7.7,2000,6,9
2000-06-10,TAVG,GHCND:USW00094728,83,8.3,2000,6,10
2000-06-11,TAVG,GHCND:USW00094728,82,8.2,2000,6,11
2000-06-12,TAVG,GHCND:USW00094728,64,6.4,2000,6,12
2000-06-13,TAVG,GHCND:USW00094728,58,5.8,2000,6,13
2000-06-14,TAVG,GHCND:USW00094728,57,5.7,2000,6,14
2000-06-15,TAVG,GHCND:USW00094728,66,6.6,2000,6,15
2000-06-16,TAVG,GHCND:USW00094728,77,7.7,2000,6,16
2000-06-17,TAVG,GHCND:USW00094728,80,8.0,2000,6,17
2000-06-18,TAVG,GHCND:USW00094728,68,6.8,2000,6,18
2000-06-19,TAVG,GHCND:USW00094728,68,6.8,2000,6,19
2000-06-20,TAVG,GHCND:USW00094728,73,7.3,2000,6,20
2000-06-21,TAVG,GHCND:USW00094728,74,7.4,2000,6,21
2000-06-22,TAVG,GHCND:USW00094728,77,7.7,2000,6,22
2000-06-23,TAVG,GHCND:USW00094728,76,7.6,2000,6,23
2000-06-24,TAVG,GHCND:USW00094728,75,7.5,2000,6,24
2000-06-25,TAVG,GHCND:USW00094728,79,7.9,2000,6,25
2000-06-26,TAVG,GHCND:USW00094728,81,8.1,2000,6,26
2000-06-27,TAVG,GHCND:USW00094728,79,7.9,2000,6,27
2000-06-28,TAVG,GHCND:USW00094728,74,7.4,2000,6,28
2000-06-29,TAVG,GHCND:USW00094728,70,7.0,2000,6,29
2000-06-30,TAVG,GHCND:USW00094728,71,7.1,2000,6,30
2000-07-01,TAVG,GHCND:USW00094728,74,7.4,2000,7,1
2000-07-02,TAVG,GHCND:USW00094728,77,7.7,2000,7,2
2000-07-03,TAVG,GHCND:USW00094728,77,7.7,2000,7,3
2000-07-04,TAVG,GHCND:USW00094728,77,7.7,2000,7,4
2000-07-05,TAVG,GHCND:USW00094728,78,7.8,2000,7,5
2000-07-06,TAVG,GHCND:USW00094728,72,7.2,2000,7,6
2000-07-07,TAVG,GHCND:USW00094728,71,7.1,2000,7,7
2000-07-08,TAVG,GHCND:USW00094728,69,6.9,2000,7,8
2000-07-09,TAVG,GHCND:USW00094728,74,7.4,2000,7,9
2000-07-10,TAVG,GHCND:USW00094728,80,8.0,2000,7,10
2000-07-11,TAVG,GHCND:USW00094728,76,7.6,2000,7,11
2000-07-12,TAVG,GHCND:USW00094728,75,7.5,2000,7,12
2000-07-13,TAVG,GHCND:USW00094728,76,7.6,2000,7,13
2000-07-14,TAVG,GHCND:USW00094728,72,7.2,2000,7,14
2000-07-15,TAVG,GHCND:USW00094728,69,6.9,2000,7,15
2000-07-16,TAVG,GHCND:USW00094728,72,7.2,2000,7,16
2000-07-17,TAVG,GHCND:USW00094728,74,7.4,2000,7,17
2000-07-18,TAVG,GHCND:USW00094728,78,7.8,2000,7,18
2000-07-19,TAVG,GHCND:USW00094728,65,6.5,2000,7,19
2000-07-20,TAVG,GHCND:USW00094728,70,7.0,2000,7,20
2000-07-21,TAVG,GHCND:USW00094728,72,7.2,2000,7,21
2000-07-22,TAVG,GHCND:USW00094728,72,7.2,2000,7,22
2000-07-23,TAVG,GHCND:USW00094728,71,7.1,2000,7,23
2000-07-24,TAVG,GHCND:USW00094728,73,7.3,2000,7,24
2000-07-25,TAVG,GHCND:USW00094728,70,7.0,2000,7,25
2000-07-26,TAVG,GHCND:USW00094728,66,6.6,2000,7,26
2000-07-27,TAVG,GHCND:USW00094728,67,6.7,2000,7,27
2000-07-28,TAVG,GHCND:USW00094728,70,7.0,2000,7,28
2000-07-29,TAVG,GHCND:USW00094728,70,7.0,2000,7,29
2000-07-30,TAVG,GHCND:USW00094728,71,7.1,2000,7,30
2000-07-31,TAVG,GHCND:USW00094728,71,7.1,2000,7,31
2000-08-01,TAVG,GHCND:USW00094728,71,7.1,2000,8,1
2000-08-02,TAVG,GHCND:USW00094728,78,7.8,2000,8,2
2000-08-03,TAVG,GHCND:USW00094728,75,7.5,2000,8,3
2000-08-04,TAVG,GHCND:USW00094728,75,7.5,2000,8,4
2000-08-05,TAVG,GHCND:USW00094728,73,7.3,2000,8,5
2000-08-06,TAVG,GHCND:USW00094728,72,7.2,2000,8,6
2000-08-07,TAVG,GHCND:USW00094728,82,8.2,2000,8,7
2000-08-08,TAVG,GHCND:USW00094728,82,8.2,2000,8,8
2000-08-11,TAVG,GHCND:USW00094728,73,7.3,2000,8,11
2000-08-12,TAVG,GHCND:USW00094728,68,6.8,2000,8,12
2000-08-13,TAVG,GHCND:USW00094728,68,6.8,2000,8,13
2000-08-14,TAVG,GHCND:USW00094728,66,6.6,2000,8,14
2000-08-15,TAVG,GHCND:USW00094728,72,7.2,2000,8,15
2000-08-16,TAVG,GHCND:USW00094728,76,7.6,2000,8,16
2000-08-17,TAVG,GHCND:USW00094728,69,6.9,2000,8,17
2000-08-18,TAVG,GHCND:USW00094728,65,6.5,2000,8,18
2000-08-19,TAVG,GHCND:USW00094728,68,6.8,2000,8,19
2000-08-20,TAVG,GHCND:USW00094728,66,6.6,2000,8,20
2000-08-21,TAVG,GHCND:USW00094728,66,6.6,2000,8,21
2000-08-22,TAVG,GHCND:USW00094728,69,6.9,2000,8,22
2000-08-23,TAVG,GHCND:USW00094728,69,6.9,2000,8,23
2000-08-24,TAVG,GHCND:USW00094728,74,7.4,2000,8,24
2000-08-25,TAVG,GHCND:USW00094728,73,7.3,2000,8,25
2000-08-26,TAVG,GHCND:USW00094728,74,7.4,2000,8,26
2000-08-27,TAVG,GHCND:USW00094728,75,7.5,2000,8,27
2000-08-28,TAVG,GHCND:USW00094728,73,7.3,2000,8,28
2000-08-29,TAVG,GHCND:USW00094728,72,7.2,2000,8,29
2000-08-30,TAVG,GHCND:USW00094728,72,7.2,2000,8,30
2000-08-31,TAVG,GHCND:USW00094728,78,7.8,2000,8,31
2000-09-01,TAVG,GHCND:USW00094728,79,7.9,2000,9,1
2000-09-02,TAVG,GHCND:USW00094728,79,7.9,2000,9,2
2000-09-03,TAVG,GHCND:USW00094728,79,7.9,2000,9,3
2000-09-04,TAVG,GHCND:USW00094728,71,7.1,2000,9,4
2000-09-05,TAVG,GHCND:USW00094728,60,6.0,2000,9,5
2000-09-06,TAVG,GHCND:USW00094728,61,6.1,2000,9,6
2000-09-07,TAVG,GHCND:USW00094728,63,6.3,2000,9,7
2000-09-08,TAVG,GHCND:USW00094728,67,6.7,2000,9,8
2000-09-09,TAVG,GHCND:USW00094728,75,7.5,2000,9,9
2000-09-10,TAVG,GHCND:USW00094728,74,7.4,2000,9,10
2000-09-11,TAVG,GHCND:USW00094728,72,7.2,2000,9,11
2000-09-12,TAVG,GHCND:USW00094728,76,7.6,2000,9,12
2000-09-13,TAVG,GHCND:USW00094728,73,7.3,2000,9,13
2000-09-14,TAVG,GHCND:USW00094728,69,6.9,2000,9,14
2000-09-15,TAVG,GHCND:USW00094728,66,6.6,2000,9,15
2000-09-16,TAVG,GHCND:USW00094728,60,6.0,2000,9,16
2000-09-17,TAVG,GHCND:USW00094728,61,6.1,2000,9,17
2000-09-18,TAVG,GHCND:USW00094728,67,6.7,2000,9,18
2000-09-19,TAVG,GHCND:USW00094728,67,6.7,2000,9,19
2000-09-20,TAVG,GHCND:USW00094728,73,7.3,2000,9,20
2000-09-21,TAVG,GHCND:USW00094728,68,6.8,2000,9,21
2000-09-22,TAVG,GHCND:USW00094728,62,6.2,2000,9,22
2000-09-23,TAVG,GHCND:USW00094728,64,6.4,2000,9,23
2000-09-24,TAVG,GHCND:USW00094728,67,6.7,2000,9,24
2000-09-25,TAVG,GHCND:USW00094728,57,5.7,2000,9,25
2000-09-26,TAVG,GHCND:USW00094728,52,5.2,2000,9,26
2000-09-27,TAVG,GHCND:USW00094728,58,5.8,2000,9,27
2000-09-28,TAVG,GHCND:USW00094728,58,5.8,2000,9,28
2000-09-29,TAVG,GHCND:USW00094728,51,5.1,2000,9,29
2000-09-30,TAVG,GHCND:USW00094728,57,5.7,2000,9,30
2000-10-01,TAVG,GHCND:USW00094728,61,6.1,2000,10,1
2000-10-02,TAVG,GHCND:USW00094728,62,6.2,2000,10,2
2000-10-03,TAVG,GHCND:USW00094728,70,7.0,2000,10,3
2000-10-04,TAVG,GHCND:USW00094728,65,6.5,2000,10,4
2000-10-05,TAVG,GHCND:USW00094728,61,6.1,2000,10,5
2000-10-06,TAVG,GHCND:USW00094728,64,6.4,2000,10,6
2000-10-07,TAVG,GHCND:USW00094728,54,5.4,2000,10,7
2000-10-08,TAVG,GHCND:USW00094728,48,4.8,2000,10,8
2000-10-09,TAVG,GHCND:USW00094728,44,4.4,2000,10,9
2000-10-10,TAVG,GHCND:USW00094728,43,4.3,2000,10,10
2000-10-11,TAVG,GHCND:USW00094728,57,5.7,2000,10,11
2000-10-12,TAVG,GHCND:USW00094728,60,6.0,2000,10,12
2000-10-13,TAVG,GHCND:USW00094728,63,6.3,2000,10,13
2000-10-14,TAVG,GHCND:USW00094728,68,6.8,2000,10,14
2000-10-15,TAVG,GHCND:USW00094728,69,6.9,2000,10,15
2000-10-16,TAVG,GHCND:USW00094728,58,5.8,2000,10,16
2000-10-17,TAVG,GHCND:USW00094728,54,5.4,2000,10,17
2000-10-18,TAVG,GHCND:USW00094728,56,5.6,2000,10,18
2000-10-19,TAVG,GHCND:USW00094728,57,5.7,2000,10,19
2000-10-20,TAVG,GHCND:USW00094728,56,5.6,2000,10,20
2000-10-21,TAVG,GHCND:USW00094728,63,6.3,2000,10,21
2000-10-22,TAVG,GHCND:USW00094728,56,5.6,2000,10,22
2000-10-23,TAVG,GHCND:USW00094728,51,5.1,2000,10,23
2000-10-24,TAVG,GHCND:USW00094728,58,5.8,2000,10,24
2000-10-25,TAVG,GHCND:USW00094728,63,6.3,2000,10,25
2000-10-26,TAVG,GHCND:USW00094728,63,6.3,2000,10,26
2000-10-27,TAVG,GHCND:USW00094728,61,6.1,2000,10,27
2000-10-28,TAVG,GHCND:USW00094728,52,5.2,2000,10,28
2000-10-29,TAVG,GHCND:USW00094728,41,4.1,2000,10,29
2000-10-30,TAVG,GHCND:USW00094728,43,4.3,2000,10,30
2000-10-31,TAVG,GHCND:USW00094728,50,5.0,2000,10,31
2000-11-01,TAVG,GHCND:USW00094728,50,5.0,2000,11,1
2000-11-02,TAVG,GHCND:USW00094728,54,5.4,2000,11,2
2000-11-03,TAVG,GHCND:USW00094728,56,5.6,2000,11,3
2000-11-04,TAVG,GHCND:USW00094728,59,5.9,2000,11,4
2000-11-05,TAVG,GHCND:USW00094728,49,4.9,2000,11,5
2000-11-06,TAVG,GHCND:USW00094728,49,4.9,2000,11,6
2000-11-07,TAVG,GHCND:USW00094728,48,4.8,2000,11,7
2000-11-08,TAVG,GHCND:USW00094728,52,5.2,2000,11,8
2000-11-09,TAVG,GHCND:USW00094728,55,5.5,2000,11,9
2000-11-10,TAVG,GHCND:USW00094728,57,5.7,2000,11,10
2000-11-11,TAVG,GHCND:USW00094728,53,5.3,2000,11,11
2000-11-12,TAVG,GHCND:USW00094728,48,4.8,2000,11,12
2000-11-13,TAVG,GHCND:USW00094728,48,4.8,2000,11,13
2000-11-14,TAVG,GHCND:USW00094728,47,4.7,2000,11,14
2000-11-15,TAVG,GHCND:USW00094728,42,4.2,2000,11,15
2000-11-16,TAVG,GHCND:USW00094728,43,4.3,2000,11,16
2000-11-17,TAVG,GHCND:USW00094728,47,4.7,2000,11,17
2000-11-18,TAVG,GHCND:USW00094728,41,4.1,2000,11,18
2000-11-19,TAVG,GHCND:USW00094728,38,3.8,2000,11,19
2000-11-20,TAVG,GHCND:USW00094728,38,3.8,2000,11,20
2000-11-21,TAVG,GHCND:USW00094728,35,3.5,2000,11,21
2000-11-22,TAVG,GHCND:USW00094728,31,3.1,2000,11,22
2000-11-23,TAVG,GHCND:USW00094728,31,3.1,2000,11,23
2000-11-24,TAVG,GHCND:USW00094728,30,3.0,2000,11,24
2000-11-25,TAVG,GHCND:USW00094728,36,3.6,2000,11,25
2000-11-26,TAVG,GHCND:USW00094728,47,4.7,2000,11,26
2000-11-27,TAVG,GHCND:USW00094728,49,4.9,2000,11,27
2000-11-28,TAVG,GHCND:USW00094728,47,4.7,2000,11,28
2000-11-29,TAVG,GHCND:USW00094728,44,4.4,2000,11,29
2000-11-30,TAVG,GHCND:USW00094728,40,4.0,2000,11,30
2000-12-01,TAVG,GHCND:USW00094728,36,3.6,2000,12,1
2000-12-02,TAVG,GHCND:USW00094728,31,3.1,2000,12,2
2000-12-03,TAVG,GHCND:USW00094728,29,2.9,2000,12,3
2000-12-04,TAVG,GHCND:USW00094728,35,3.5,2000,12,4
2000-12-05,TAVG,GHCND:USW00094728,39,3.9,2000,12,5
2000-12-06,TAVG,GHCND:USW00094728,29,2.9,2000,12,6
2000-12-07,TAVG,GHCND:USW00094728,32,3.2,2000,12,7
2000-12-08,TAVG,GHCND:USW00094728,30,3.0,2000,12,8
2000-12-09,TAVG,GHCND:USW00094728,32,3.2,2000,12,9
2000-12-10,TAVG,GHCND:USW00094728,35,3.5,2000,12,10
2000-12-11,TAVG,GHCND:USW00094728,40,4.0,2000,12,11
2000-12-12,TAVG,GHCND:USW00094728,39,3.9,2000,12,12
2000-12-13,TAVG,GHCND:USW00094728,26,2.6,2000,12,13
2000-12-14,TAVG,GHCND:USW00094728,40,4.0,2000,12,14
2000-12-15,TAVG,GHCND:USW00094728,36,3.6,2000,12,15
2000-12-16,TAVG,GHCND:USW00094728,45,4.5,2000,12,16
2000-12-17,TAVG,GHCND:USW00094728,47,4.7,2000,12,17
2000-12-19,TAVG,GHCND:USW00094728,35,3.5,2000,12,19
2000-12-20,TAVG,GHCND:USW00094728,31,3.1,2000,12,20
2000-12-21,TAVG,GHCND:USW00094728,28,2.8,2000,12,21
2000-12-22,TAVG,GHCND:USW00094728,25,2.5,2000,12,22
2000-12-23,TAVG,GHCND:USW00094728,22,2.2,2000,12,23
2000-12-24,TAVG,GHCND:USW00094728,27,2.7,2000,12,24
2000-12-25,TAVG,GHCND:USW00094728,21,2.1,2000,12,25
2000-12-26,TAVG,GHCND:USW00094728,22,2.2,2000,12,26
2000-12-27,TAVG,GHCND:USW00094728,27,2.7,2000,12,27
2000-12-28,TAVG,GHCND:USW00094728,23,2.3,2000,12,28
2000-12-29,TAVG,GHCND:USW00094728,24,2.4,2000,12,29
2000-12-30,TAVG,GHCND:USW00094728,28,2.8,2000,12,30
2000-12-31,TAVG,GHCND:USW00094728,28,2.8,2000,12,31
2001-01-01,TAVG,GHCND:USW00094728,28,2.8,2001,1,1
2001-01-02,TAVG,GHCND:USW00094728,23,2.3,2001,1,2
2001-01-03,TAVG,GHCND:USW00094728,25,2.5,2001,1,3
2001-01-04,TAVG,GHCND:USW00094728,30,3.0,2001,1,4
2001-01-05,TAVG,GHCND:USW00094728,29,2.9,2001,1,5
2001-01-06,TAVG,GHCND:USW00094728,35,3.5,2001,1,6
2001-01-07,TAVG,GHCND:USW00094728,36,3.6,2001,1,7
2001-01-08,TAVG,GHCND:USW00094728,37,3.7,2001,1,8
2001-01-09,TAVG,GHCND:USW00094728,30,3.0,2001,1,9
2001-01-10,TAVG,GHCND:USW00094728,28,2.8,2001,1,10
2001-01-11,TAVG,GHCND:USW00094728,38,3.8,2001,1,11
2001-01-12,TAVG,GHCND:USW00094728,36,3.6,2001,1,12
2001-01-13,TAVG,GHCND:USW00094728,35,3.5,2001,1,13
2001-01-14,TAVG,GHCND:USW00094728,39,3.9,2001,1,14
2001-01-15,TAVG,GHCND:USW00094728,38,3.8,2001,1,15
2001-01-16,TAVG,GHCND:USW00094728,41,4.1,2001,1,16
2001-01-17,TAVG,GHCND:USW00094728,39,3.9,2001,1,17
2001-01-18,TAVG,GHCND:USW00094728,35,3.5,2001,1,18
2001-01-19,TAVG,GHCND:USW00094728,37,3.7,2001,1,19
2001-01-20,TAVG,GHCND:USW00094728,34,3.4,2001,1,20
2001-01-21,TAVG,GHCND:USW00094728,28,2.8,2001,1,21
2001-01-22,TAVG,GHCND:USW00094728,29,2.9,2001,1,22
2001-01-23,TAVG,GHCND:USW00094728,32,3.2,2001,1,23
2001-01-24,TAVG,GHCND:USW00094728,37,3.7,2001,1,24
2001-01-25,TAVG,GHCND:USW00094728,32,3.2,2001,1,25
2001-01-26,TAVG,GHCND:USW00094728,29,2.9,2001,1,26
2001-01-27,TAVG,GHCND:USW00094728,35,3.5,2001,1,27
2001-01-28,TAVG,GHCND:USW00094728,33,3.3,2001,1,28
2001-01-29,TAVG,GHCND:USW00094728,32,3.2,2001,1,29
2001-01-30,TAVG,GHCND:USW00094728,45,4.5,2001,1,30
2001-01-31,TAVG,GHCND:USW00094728,45,4.5,2001,1,31
2001-02-01,TAVG,GHCND:USW00094728,44,4.4,2001,2,1
2001-02-02,TAVG,GHCND:USW00094728,36,3.6,2001,2,2
2001-02-03,TAVG,GHCND:USW00094728,30,3.0,2001,2,3
2001-02-04,TAVG,GHCND:USW00094728,31,3.1,2001,2,4
2001-02-05,TAVG,GHCND:USW00094728,34,3.4,2001,2,5
2001-02-06,TAVG,GHCND:USW00094728,41,4.1,2001,2,6
2001-02-07,TAVG,GHCND:USW00094728,39,3.9,2001,2,7
2001-02-08,TAVG,GHCND:USW00094728,37,3.7,2001,2,8
2001-02-09,TAVG,GHCND:USW00094728,47,4.7,2001,2,9
2001-02-10,TAVG,GHCND:USW00094728,44,4.4,2001,2,10
2001-02-11,TAVG,GHCND:USW00094728,26,2.6,2001,2,11
2001-02-12,TAVG,GHCND:USW00094728,26,2.6,2001,2,12
2001-02-13,TAVG,GHCND:USW00094728,41,4.1,2001,2,13
2001-02-14,TAVG,GHCND:USW00094728,42,4.2,2001,2,14
2001-02-15,TAVG,GHCND:USW00094728,43,4.3,2001,2,15
2001-02-16,TAVG,GHCND:USW00094728,37,3.7,2001,2,16
2001-02-17,TAVG,GHCND:USW00094728,30,3.0,2001,2,17
2001-02-18,TAVG,GHCND:USW00094728,25,2.5,2001,2,18
2001-02-19,TAVG,GHCND:USW00094728,35,3.5,2001,2,19
2001-02-20,TAVG,GHCND:USW00094728,47,4.7,2001,2,20
2001-02-21,TAVG,GHCND:USW00094728,36,3.6,2001,2,21
2001-02-22,TAVG,GHCND:USW00094728,21,2.1,2001,2,22
2001-02-23,TAVG,GHCND:USW00094728,31,3.1,2001,2,23
2001-02-24,TAVG,GHCND:USW00094728,30,3.0,2001,2,24
2001-02-25,TAVG,GHCND:USW00094728,43,4.3,2001,2,25
2001-02-26,TAVG,GHCND:USW00094728,44,4.4,2001,2,26
2001-02-27,TAVG,GHCND:USW00094728,40,4.0,2001,2,27
2001-02-28,TAVG,GHCND:USW00094728,31,3.1,2001,2,28
2001-03-01,TAVG,GHCND:USW00094728,31,3.1,2001,3,1
2001-03-02,TAVG,GHCND:USW00094728,37,3.7,2001,3,2
2001-03-03,TAVG,GHCND:USW00094728,42,4.2,2001,3,3
2001-03-04,TAVG,GHCND:USW00094728,33,3.3,2001,3,4
2001-03-05,TAVG,GHCND:USW00094728,30,3.0,2001,3,5
2001-03-06,TAVG,GHCND:USW00094728,30,3.0,2001,3,6
2001-03-07,TAVG,GHCND:USW00094728,38,3.8,2001,3,7
2001-03-08,TAVG,GHCND:USW00094728,36,3.6,2001,3,8
2001-03-09,TAVG,GHCND:USW00094728,38,3.8,2001,3,9
2001-03-10,TAVG,GHCND:USW00094728,40,4.0,2001,3,10
2001-03-11,TAVG,GHCND:USW00094728,44,4.4,2001,3,11
2001-03-12,TAVG,GHCND:USW00094728,39,3.9,2001,3,12
2001-03-13,TAVG,GHCND:USW00094728,41,4.1,2001,3,13
2001-03-14,TAVG,GHCND:USW00094728,45,4.5,2001,3,14
2001-03-15,TAVG,GHCND:USW00094728,47,4.7,2001,3,15
2001-03-16,TAVG,GHCND:USW00094728,49,4.9,2001,3,16
2001-03-17,TAVG,GHCND:USW00094728,42,4.2,2001,3,17
2001-03-18,TAVG,GHCND:USW00094728,41,4.1,2001,3,18
2001-03-19,TAVG,GHCND:USW00094728,44,4.4,2001,3,19
2001-03-20,TAVG,GHCND:USW00094728,47,4.7,2001,3,20
2001-03-21,TAVG,GHCND:USW00094728,42,4.2,2001,3,21
2001-03-24,TAVG,GHCND:USW00094728,43,4.3,2001,3,24
2001-03-25,TAVG,GHCND:USW00094728,37,3.7,2001,3,25
2001-03-26,TAVG,GHCND:USW00094728,32,3.2,2001,3,26
2001-03-27,TAVG,GHCND:USW00094728,33,3.3,2001,3,27
2001-03-28,TAVG,GHCND:USW00094728,40,4.0,2001,3,28
2001-03-29,TAVG,GHCND:USW00094728,41,4.1,2001,3,29
2001-03-30,TAVG,GHCND:USW00094728,40,4.0,2001,3,30
2001-03-31,TAVG,GHCND:USW00094728,43,4.3,2001,3,31
2001-04-01,TAVG,GHCND:USW00094728,41,4.1,2001,4,1
2001-04-02,TAVG,GHCND:USW00094728,43,4.3,2001,4,2
2001-04-03,TAVG,GHCND:USW00094728,46,4.6,2001,4,3
2001-04-04,TAVG,GHCND:USW00094728,78,7.8,2001,4,4
2001-04-05,TAVG,GHCND:USW00094728,53,5.3,2001,4,5
2001-04-06,TAVG,GHCND:USW00094728,51,5.1,2001,4,6
2001-04-07,TAVG,GHCND:USW00094728,49,4.9,2001,4,7
2001-04-08,TAVG,GHCND:USW00094728,43,4.3,2001,4,8
2001-04-09,TAVG,GHCND:USW00094728,62,6.2,2001,4,9
2001-04-10,TAVG,GHCND:USW00094728,55,5.5,2001,4,10
2001-04-11,TAVG,GHCND:USW00094728,49,4.9,2001,4,11
2001-04-12,TAVG,GHCND:USW00094728,51,5.1,2001,4,12
2001-04-13,TAVG,GHCND:USW00094728,62,6.2,2001,4,13
2001-04-14,TAVG,GHCND:USW00094728,57,5.7,2001,4,14
2001-04-15,TAVG,GHCND:USW00094728,58,5.8,2001,4,15
2001-04-16,TAVG,GHCND:USW00094728,54,5.4,2001,4,16
2001-04-17,TAVG,GHCND:USW00094728,48,4.8,2001,4,17
2001-04-18,TAVG,GHCND:USW00094728,46,4.6,2001,4,18
2001-04-19,TAVG,GHCND:USW00094728,45,4.5,2001,4,19
2001-04-20,TAVG,GHCND:USW00094728,55,5.5,2001,4,20
2001-04-21,TAVG,GHCND:USW00094728,60,6.0,2001,4,21
2001-04-22,TAVG,GHCND:USW00094728,70,7.0,2001,4,22
2001-04-23,TAVG,GHCND:USW00094728,70,7.0,2001,4,23
2001-04-24,TAVG,GHCND:USW00094728,70,7.0,2001,4,24
2001-04-25,TAVG,GHCND:USW00094728,51,5.1,2001,4,25
2001-04-26,TAVG,GHCND:USW00094728,55,5.5,2001,4,26
2001-04-27,TAVG,GHCND:USW00094728,59,5.9,2001,4,27
2001-04-28,TAVG,GHCND:USW00094728,57,5.7,2001,4,28
2001-04-29,TAVG,GHCND:USW00094728,55,5.5,2001,4,29
2001-04-30,TAVG,GHCND:USW00094728,64,6.4,2001,4,30
2001-05-01,TAVG,GHCND:USW00094728,75,7.5,2001,5,1
2001-05-02,TAVG,GHCND:USW00094728,78,7.8,2001,5,2
2001-05-03,TAVG,GHCND:USW00094728,79,7.9,2001,5,3
2001-05-04,TAVG,GHCND:USW00094728,82,8.2,2001,5,4
2001-05-05,TAVG,GHCND:USW00094728,70,7.0,2001,5,5
2001-05-06,TAVG,GHCND:USW00094728,57,5.7,2001,5,6
2001-05-07,TAVG,GHCND:USW00094728,53,5.3,2001,5,7
2001-05-08,TAVG,GHCND:USW00094728,57,5.7,2001,5,8
2001-05-09,TAVG,GHCND:USW00094728,64,6.4,2001,5,9
2001-05-10,TAVG,GHCND:USW00094728,71,7.1,2001,5,10
2001-05-11,TAVG,GHCND:USW00094728,75,7.5,2001,5,11
2001-05-12,TAVG,GHCND:USW00094728,72,7.2,2001,5,12
2001-05-13,TAVG,GHCND:USW00094728,62,6.2,2001,5,13
2001-05-14,TAVG,GHCND:USW00094728,60,6.0,2001,5,14
2001-05-15,TAVG,GHCND:USW00094728,62,6.2,2001,5,15
2001-05-16,TAVG,GHCND:USW00094728,58,5.8,2001,5,16
2001-05-17,TAVG,GHCND:USW00094728,58,5.8,2001,5,17
2001-05-18,TAVG,GHCND:USW00094728,57,5.7,2001,5,18
2001-05-19,TAVG,GHCND:USW00094728,70,7.0,2001,5,19
2001-05-20,TAVG,GHCND:USW00094728,59,5.9,2001,5,20
2001-05-21,TAVG,GHCND:USW00094728,55,5.5,2001,5,21
2001-05-22,TAVG,GHCND:USW00094728,57,5.7,2001,5,22
2001-05-23,TAVG,GHCND:USW00094728,58,5.8,2001,5,23
2001-05-24,TAVG,GHCND:USW00094728,61,6.1,2001,5,24
2001-05-25,TAVG,GHCND:USW00094728,55,5.5,2001,5,25
2001-05-26,TAVG,GHCND:USW00094728,59,5.9,2001,5,26
2001-05-27,TAVG,GHCND:USW00094728,64,6.4,2001,5,27
2001-05-28,TAVG,GHCND:USW00094728,65,6.5,2001,5,28
2001-05-29,TAVG,GHCND:USW00094728,67,6.7,2001,5,29
2001-05-30,TAVG,GHCND:USW00094728,60,6.0,2001,5,30
2001-05-31,TAVG,GHCND:USW00094728,60,6.0,2001,5,31
2001-06-01,TAVG,GHCND:USW00094728,59,5.9,2001,6,1
2001-06-02,TAVG,GHCND:USW00094728,65,6.5,2001,6,2
2001-06-03,TAVG,GHCND:USW00094728,67,6.7,2001,6,3
2001-06-04,TAVG,GHCND:USW00094728,65,6.5,2001,6,4
2001-06-05,TAVG,GHCND:USW00094728,68,6.8,2001,6,5
2001-06-06,TAVG,GHCND:USW00094728,70,7.0,2001,6,6
2001-06-07,TAVG,GHCND:USW00094728,69,6.9,2001,6,7
2001-06-08,TAVG,GHCND:USW00094728,71,7.1,2001,6,8
2001-06-09,TAVG,GHCND:USW00094728,71,7.1,2001,6,9
2001-06-10,TAVG,GHCND:USW00094728,71,7.1,2001,6,10
2001-06-11,TAVG,GHCND:USW00094728,73,7.3,2001,6,11
2001-06-12,TAVG,GHCND:USW00094728,74,7.4,2001,6,12
2001-06-13,TAVG,GHCND:USW00094728,74,7.4,2001,6,13
2001-06-14,TAVG,GHCND:USW00094728,76,7.6,2001,6,14
2001-06-15,TAVG,GHCND:USW00094728,77,7.7,2001,6,15
2001-06-17,TAVG,GHCND:USW00094728,71,7.1,2001,6,17
2001-06-18,TAVG,GHCND:USW00094728,76,7.6,2001,6,18
2001-06-19,TAVG,GHCND:USW00094728,78,7.8,2001,6,19
2001-06-20,TAVG,GHCND:USW00094728,79,7.9,2001,6,20
2001-06-21,TAVG,GHCND:USW00094728,70,7.0,2001,6,21
2001-06-22,TAVG,GHCND:USW00094728,73,7.3,2001,6,22
2001-06-23,TAVG,GHCND:USW00094728,73,7.3,2001,6,23
2001-06-24,TAVG,GHCND:USW00094728,70,7.0,2001,6,24
2001-06-25,TAVG,GHCND:USW00094728,74,7.4,2001,6,25
2001-06-26,TAVG,GHCND:USW00094728,78,7.8,2001,6,26
2001-06-27,TAVG,GHCND:USW00094728,81,8.1,2001,6,27
2001-06-28,TAVG,GHCND:USW00094728,83,8.3,2001,6,28
2001-06-29,TAVG,GHCND:USW00094728,78,7.8,2001,6,29
2001-06-30,TAVG,GHCND:USW00094728,83,8.3,2001,6,30
2001-07-01,TAVG,GHCND:USW00094728,75,7.5,2001,7,1
2001-07-02,TAVG,GHCND:USW00094728,65,6.5,2001,7,2
2001-07-03,TAVG,GHCND:USW00094728,67,6.7,2001,7,3
2001-07-04,TAVG,GHCND:USW00094728,73,7.3,2001,7,4
2001-07-05,TAVG,GHCND:USW00094728,0,0.0,2001,7,5
2001-07-06,TAVG,GHCND:USW00094728,67,6.7,2001,7,6
2001-07-07,TAVG,GHCND:USW00094728,71,7.1,2001,7,7
2001-07-08,TAVG,GHCND:USW00094728,69,6.9,2001,7,8
2001-07-09,TAVG,GHCND:USW00094728,78,7.8,2001,7,9
2001-07-10,TAVG,GHCND:USW00094728,80,8.0,2001,7,10
2001-07-11,TAVG,GHCND:USW00094728,74,7.4,2001,7,11
2001-07-12,TAVG,GHCND:USW00094728,71,7.1,2001,7,12
2001-07-13,TAVG,GHCND:USW00094728,70,7.0,2001,7,13
2001-07-14,TAVG,GHCND:USW00094728,71,7.1,2001,7,14
2001-07-15,TAVG,GHCND:USW00094728,72,7.2,2001,7,15
2001-07-16,TAVG,GHCND:USW00094728,76,7.6,2001,7,16
2001-07-17,TAVG,GHCND:USW00094728,77,7.7,2001,7,17
2001-07-18,TAVG,GHCND:USW00094728,74,7.4,2001,7,18
2001-07-19,TAVG,GHCND:USW00094728,71,7.1,2001,7,19
2001-07-20,TAVG,GHCND:USW00094728,72,7.2,2001,7,20
2001-07-21,TAVG,GHCND:USW00094728,76,7.6,2001,7,21
2001-07-22,TAVG,GHCND:USW00094728,76,7.6,2001,7,22
2001-07-23,TAVG,GHCND:USW00094728,79,7.9,2001,7,23
2001-07-24,TAVG,GHCND:USW00094728,83,8.3,2001,7,24
2001-07-25,TAVG,GHCND:USW00094728,86,8.6,2001,7,25
2001-07-26,TAVG,GHCND:USW00094728,72,7.2,2001,7,26
2001-07-27,TAVG,GHCND:USW00094728,69,6.9,2001,7,27
2001-07-28,TAVG,GHCND:USW00094728,72,7.2,2001,7,28
2001-07-29,TAVG,GHCND:USW00094728,72,7.2,2001,7,29
2001-07-30,TAVG,GHCND:USW00094728,70,7.0,2001,7,30
2001-07-31,TAVG,GHCND:USW00094728,74,7.4,2001,7,31
2001-08-01,TAVG,GHCND:USW00094728,80,8.0,2001,8,1
2001-08-02,TAVG,GHCND:USW00094728,82,8.2,2001,8,2
2001-08-03,TAVG,GHCND:USW00094728,79,7.9,2001,8,3
2001-08-04,TAVG,GHCND:USW00094728,79,7.9,2001,8,4
2001-08-05,TAVG,GHCND:USW00094728,80,8.0,2001,8,5
2001-08-06,TAVG,GHCND:USW00094728,85,8.5,2001,8,6
2001-08-07,TAVG,GHCND:USW00094728,89,8.9,2001,8,7
2001-08-08,TAVG,GHCND:USW00094728,89,8.9,2001,8,8
2001-08-10,TAVG,GHCND:USW00094728,86,8.6,2001,8,10
2001-08-11,TAVG,GHCND:USW00094728,73,7.3,2001,8,11
2001-08-12,TAVG,GHCND:USW00094728,74,7.4,2001,8,12
2001-08-13,TAVG,GHCND:USW00094728,78,7.8,2001,8,13
2001-08-14,TAVG,GHCND:USW00094728,75,7.5,2001,8,14
2001-08-15,TAVG,GHCND:USW00094728,75,7.5,2001,8,15
2001-08-16,TAVG,GHCND:USW00094728,76,7.6,2001,8,16
2001-08-18,TAVG,GHCND:USW00094728,78,7.8,2001,8,18
2001-08-19,TAVG,GHCND:USW00094728,78,7.8,2001,8,19
2001-08-20,TAVG,GHCND:USW00094728,79,7.9,2001,8,20
2001-08-21,TAVG,GHCND:USW00094728,78,7.8,2001,8,21
2001-08-22,TAVG,GHCND:USW00094728,78,7.8,2001,8,22
2001-08-23,TAVG,GHCND:USW00094728,76,7.6,2001,8,23
2001-08-24,TAVG,GHCND:USW00094728,75,7.5,2001,8,24
2001-08-25,TAVG,GHCND:USW00094728,72,7.2,2001,8,25
2001-08-26,TAVG,GHCND:USW00094728,72,7.2,2001,8,26
2001-08-27,TAVG,GHCND:USW00094728,79,7.9,2001,8,27
2001-08-28,TAVG,GHCND:USW00094728,79,7.9,2001,8,28
2001-08-29,TAVG,GHCND:USW00094728,76,7.6,2001,8,29
2001-08-30,TAVG,GHCND:USW00094728,0,0.0,2001,8,30
2001-08-31,TAVG,GHCND:USW00094728,78,7.8,2001,8,31
2001-09-01,TAVG,GHCND:USW00094728,73,7.3,2001,9,1
2001-09-02,TAVG,GHCND:USW00094728,67,6.7,2001,9,2
2001-09-03,TAVG,GHCND:USW00094728,70,7.0,2001,9,3
2001-09-04,TAVG,GHCND:USW00094728,72,7.2,2001,9,4
2001-09-05,TAVG,GHCND:USW00094728,71,7.1,2001,9,5
2001-09-06,TAVG,GHCND:USW00094728,70,7.0,2001,9,6
2001-09-07,TAVG,GHCND:USW00094728,75,7.5,2001,9,7
2001-09-08,TAVG,GHCND:USW00094728,75,7.5,2001,9,8
2001-09-09,TAVG,GHCND:USW00094728,76,7.6,2001,9,9
2001-09-10,TAVG,GHCND:USW00094728,77,7.7,2001,9,10
2001-09-11,TAVG,GHCND:USW00094728,72,7.2,2001,9,11
2001-09-12,TAVG,GHCND:USW00094728,70,7.0,2001,9,12
2001-09-13,TAVG,GHCND:USW00094728,75,7.5,2001,9,13
2001-09-14,TAVG,GHCND:USW00094728,61,6.1,2001,9,14
2001-09-15,TAVG,GHCND:USW00094728,61,6.1,2001,9,15
2001-09-16,TAVG,GHCND:USW00094728,63,6.3,2001,9,16
2001-09-17,TAVG,GHCND:USW00094728,67,6.7,2001,9,17
2001-09-18,TAVG,GHCND:USW00094728,69,6.9,2001,9,18
2001-09-19,TAVG,GHCND:USW00094728,70,7.0,2001,9,19
2001-09-20,TAVG,GHCND:USW00094728,68,6.8,2001,9,20
2001-09-21,TAVG,GHCND:USW00094728,70,7.0,2001,9,21
2001-09-22,TAVG,GHCND:USW00094728,73,7.3,2001,9,22
2001-09-23,TAVG,GHCND:USW00094728,71,7.1,2001,9,23
2001-09-24,TAVG,GHCND:USW00094728,71,7.1,2001,9,24
2001-09-25,TAVG,GHCND:USW00094728,65,6.5,2001,9,25
2001-09-26,TAVG,GHCND:USW00094728,57,5.7,2001,9,26
2001-09-27,TAVG,GHCND:USW00094728,60,6.0,2001,9,27
2001-09-28,TAVG,GHCND:USW00094728,59,5.9,2001,9,28
2001-09-29,TAVG,GHCND:USW00094728,59,5.9,2001,9,29
2001-09-30,TAVG,GHCND:USW00094728,53,5.3,2001,9,30
2001-10-01,TAVG,GHCND:USW00094728,53,5.3,2001,10,1
2001-10-02,TAVG,GHCND:USW00094728,63,6.3,2001,10,2
2001-10-03,TAVG,GHCND:USW00094728,71,7.1,2001,10,3
2001-10-04,TAVG,GHCND:USW00094728,72,7.2,2001,10,4
2001-10-05,TAVG,GHCND:USW00094728,71,7.1,2001,10,5
2001-10-06,TAVG,GHCND:USW00094728,61,6.1,2001,10,6
2001-10-07,TAVG,GHCND:USW00094728,50,5.0,2001,10,7
2001-10-08,TAVG,GHCND:USW00094728,46,4.6,2001,10,8
2001-10-09,TAVG,GHCND:USW00094728,50,5.0,2001,10,9
2001-10-10,TAVG,GHCND:USW00094728,58,5.8,2001,10,10
2001-10-11,TAVG,GHCND:USW00094728,65,6.5,2001,10,11
2001-10-12,TAVG,GHCND:USW00094728,67,6.7,2001,10,12
2001-10-13,TAVG,GHCND:USW00094728,68,6.8,2001,10,13
2001-10-14,TAVG,GHCND:USW00094728,62,6.2,2001,10,14
2001-10-15,TAVG,GHCND:USW00094728,63,6.3,2001,10,15
2001-10-16,TAVG,GHCND:USW00094728,59,5.9,2001,10,16
2001-10-17,TAVG,GHCND:USW00094728,53,5.3,2001,10,17
2001-10-18,TAVG,GHCND:USW00094728,49,4.9,2001,10,18
2001-10-19,TAVG,GHCND:USW00094728,54,5.4,2001,10,19
2001-10-20,TAVG,GHCND:USW00094728,62,6.2,2001,10,20
2001-10-21,TAVG,GHCND:USW00094728,64,6.4,2001,10,21
2001-10-22,TAVG,GHCND:USW00094728,65,6.5,2001,10,22
2001-10-23,TAVG,GHCND:USW00094728,61,6.1,2001,10,23
2001-10-24,TAVG,GHCND:USW00094728,72,7.2,2001,10,24
2001-10-25,TAVG,GHCND:USW00094728,66,6.6,2001,10,25
2001-10-26,TAVG,GHCND:USW00094728,51,5.1,2001,10,26
2001-10-27,TAVG,GHCND:USW00094728,47,4.7,2001,10,27
2001-10-28,TAVG,GHCND:USW00094728,45,4.5,2001,10,28
2001-10-29,TAVG,GHCND:USW00094728,47,4.7,2001,10,29
2001-10-30,TAVG,GHCND:USW00094728,54,5.4,2001,10,30
2001-10-31,TAVG,GHCND:USW00094728,50,5.0,2001,10,31
2001-11-01,TAVG,GHCND:USW00094728,60,6.0,2001,11,1
2001-11-02,TAVG,GHCND:USW00094728,66,6.6,2001,11,2
2001-11-03,TAVG,GHCND:USW00094728,61,6.1,2001,11,3
2001-11-04,TAVG,GHCND:USW00094728,55,5.5,2001,11,4
2001-11-05,TAVG,GHCND:USW00094728,47,4.7,2001,11,5
2001-11-06,TAVG,GHCND:USW00094728,49,4.9,2001,11,6
2001-11-07,TAVG,GHCND:USW00094728,56,5.6,2001,11,7
2001-11-08,TAVG,GHCND:USW00094728,50,5.0,2001,11,8
2001-11-09,TAVG,GHCND:USW00094728,49,4.9,2001,11,9
2001-11-10,TAVG,GHCND:USW00094728,52,5.2,2001,11,10
2001-11-11,TAVG,GHCND:USW00094728,45,4.5,2001,11,11
2001-11-12,TAVG,GHCND:USW00094728,42,4.2,2001,11,12
2001-11-13,TAVG,GHCND:USW00094728,45,4.5,2001,11,13
2001-11-14,TAVG,GHCND:USW00094728,51,5.1,2001,11,14
2001-11-15,TAVG,GHCND:USW00094728,59,5.9,2001,11,15
2001-11-16,TAVG,GHCND:USW00094728,62,6.2,2001,11,16
2001-11-17,TAVG,GHCND:USW00094728,48,4.8,2001,11,17
2001-11-18,TAVG,GHCND:USW00094728,51,5.1,2001,11,18
2001-11-19,TAVG,GHCND:USW00094728,53,5.3,2001,11,19
2001-11-20,TAVG,GHCND:USW00094728,49,4.9,2001,11,20
2001-11-21,TAVG,GHCND:USW00094728,40,4.0,2001,11,21
2001-11-22,TAVG,GHCND:USW00094728,47,4.7,2001,11,22
2001-11-23,TAVG,GHCND:USW00094728,51,5.1,2001,11,23
2001-11-24,TAVG,GHCND:USW00094728,56,5.6,2001,11,24
2001-11-25,TAVG,GHCND:USW00094728,61,6.1,2001,11,25
2001-11-26,TAVG,GHCND:USW00094728,57,5.7,2001,11,26
2001-11-27,TAVG,GHCND:USW00094728,52,5.2,2001,11,27
2001-11-28,TAVG,GHCND:USW00094728,59,5.9,2001,11,28
2001-11-29,TAVG,GHCND:USW00094728,52,5.2,2001,11,29
2001-11-30,TAVG,GHCND:USW00094728,62,6.2,2001,11,30
2001-12-01,TAVG,GHCND:USW00094728,61,6.1,2001,12,1
2001-12-02,TAVG,GHCND:USW00094728,50,5.0,2001,12,2
2001-12-03,TAVG,GHCND:USW00094728,50,5.0,2001,12,3
2001-12-04,TAVG,GHCND:USW00094728,56,5.6,2001,12,4
2001-12-05,TAVG,GHCND:USW00094728,63,6.3,2001,12,5
2001-12-06,TAVG,GHCND:USW00094728,65,6.5,2001,12,6
2001-12-07,TAVG,GHCND:USW00094728,55,5.5,2001,12,7
2001-12-08,TAVG,GHCND:USW00094728,43,4.3,2001,12,8
2001-12-09,TAVG,GHCND:USW00094728,39,3.9,2001,12,9
2001-12-10,TAVG,GHCND:USW00094728,42,4.2,2001,12,10
2001-12-11,TAVG,GHCND:USW00094728,50,5.0,2001,12,11
2001-12-12,TAVG,GHCND:USW00094728,44,4.4,2001,12,12
2001-12-13,TAVG,GHCND:USW00094728,50,5.0,2001,12,13
2001-12-14,TAVG,GHCND:USW00094728,58,5.8,2001,12,14
2001-12-15,TAVG,GHCND:USW00094728,49,4.9,2001,12,15
2001-12-16,TAVG,GHCND:USW00094728,37,3.7,2001,12,16
2001-12-17,TAVG,GHCND:USW00094728,45,4.5,2001,12,17
2001-12-18,TAVG,GHCND:USW00094728,51,5.1,2001,12,18
2001-12-19,TAVG,GHCND:USW00094728,46,4.6,2001,12,19
2001-12-20,TAVG,GHCND:USW00094728,43,4.3,2001,12,20
2001-12-21,TAVG,GHCND:USW00094728,38,3.8,2001,12,21
2001-12-22,TAVG,GHCND:USW00094728,37,3.7,2001,12,22
2001-12-23,TAVG,GHCND:USW00094728,41,4.1,2001,12,23
2001-12-24,TAVG,GHCND:USW00094728,43,4.3,2001,12,24
2001-12-25,TAVG,GHCND:USW00094728,34,3.4,2001,12,25
2001-12-26,TAVG,GHCND:USW00094728,34,3.4,2001,12,26
2001-12-27,TAVG,GHCND:USW00094728,30,3.0,2001,12,27
2001-12-28,TAVG,GHCND:USW00094728,34,3.4,2001,12,28
2001-12-29,TAVG,GHCND:USW00094728,35,3.5,2001,12,29
2001-12-30,TAVG,GHCND:USW00094728,27,2.7,2001,12,30
2001-12-31,TAVG,GHCND:USW00094728,26,2.6,2001,12,31
2002-01-01,TAVG,GHCND:USW00094728,28,2.8,2002,1,1
2002-01-02,TAVG,GHCND:USW00094728,30,3.0,2002,1,2
2002-01-03,TAVG,GHCND:USW00094728,31,3.1,2002,1,3
2002-01-04,TAVG,GHCND:USW00094728,34,3.4,2002,1,4
2002-01-05,TAVG,GHCND:USW00094728,38,3.8,2002,1,5
2002-01-06,TAVG,GHCND:USW00094728,38,3.8,2002,1,6
2002-01-07,TAVG,GHCND:USW00094728,32,3.2,2002,1,7
2002-01-08,TAVG,GHCND:USW00094728,29,2.9,2002,1,8
2002-01-09,TAVG,GHCND:USW00094728,37,3.7,2002,1,9
2002-01-10,TAVG,GHCND:USW00094728,46,4.6,2002,1,10
2002-01-11,TAVG,GHCND:USW00094728,45,4.5,2002,1,11
2002-01-12,TAVG,GHCND:USW00094728,43,4.3,2002,1,12
2002-01-13,TAVG,GHCND:USW00094728,41,4.1,2002,1,13
2002-01-14,TAVG,GHCND:USW00094728,39,3.9,2002,1,14
2002-01-15,TAVG,GHCND:USW00094728,43,4.3,2002,1,15
2002-01-16,TAVG,GHCND:USW00094728,39,3.9,2002,1,16
2002-01-17,TAVG,GHCND:USW00094728,41,4.1,2002,1,17
2002-01-18,TAVG,GHCND:USW00094728,34,3.4,2002,1,18
2002-01-19,TAVG,GHCND:USW00094728,29,2.9,2002,1,19
2002-01-20,TAVG,GHCND:USW00094728,32,3.2,2002,1,20
2002-01-21,TAVG,GHCND:USW00094728,37,3.7,2002,1,21
2002-01-22,TAVG,GHCND:USW00094728,42,4.2,2002,1,22
2002-01-23,TAVG,GHCND:USW00094728,45,4.5,2002,1,23
2002-01-24,TAVG,GHCND:USW00094728,48,4.8,2002,1,24
2002-01-25,TAVG,GHCND:USW00094728,43,4.3,2002,1,25
2002-01-26,TAVG,GHCND:USW00094728,47,4.7,2002,1,26
2002-01-27,TAVG,GHCND:USW00094728,52,5.2,2002,1,27
2002-01-28,TAVG,GHCND:USW00094728,53,5.3,2002,1,28
2002-01-29,TAVG,GHCND:USW00094728,60,6.0,2002,1,29
2002-01-30,TAVG,GHCND:USW00094728,51,5.1,2002,1,30
2002-01-31,TAVG,GHCND:USW00094728,39,3.9,2002,1,31
2002-02-01,TAVG,GHCND:USW00094728,47,4.7,2002,2,1
2002-02-02,TAVG,GHCND:USW00094728,35,3.5,2002,2,2
2002-02-03,TAVG,GHCND:USW00094728,37,3.7,2002,2,3
2002-02-04,TAVG,GHCND:USW00094728,34,3.4,2002,2,4
2002-02-05,TAVG,GHCND:USW00094728,26,2.6,2002,2,5
2002-02-06,TAVG,GHCND:USW00094728,37,3.7,2002,2,6
2002-02-07,TAVG,GHCND:USW00094728,42,4.2,2002,2,7
2002-02-08,TAVG,GHCND:USW00094728,45,4.5,2002,2,8
2002-02-09,TAVG,GHCND:USW00094728,42,4.2,2002,2,9
2002-02-10,TAVG,GHCND:USW00094728,47,4.7,2002,2,10
2002-02-11,TAVG,GHCND:USW00094728,40,4.0,2002,2,11
2002-02-12,TAVG,GHCND:USW00094728,34,3.4,2002,2,12
2002-02-13,TAVG,GHCND:USW00094728,33,3.3,2002,2,13
2002-02-14,TAVG,GHCND:USW00094728,30,3.0,2002,2,14
2002-02-15,TAVG,GHCND:USW00094728,41,4.1,2002,2,15
2002-02-16,TAVG,GHCND:USW00094728,50,5.0,2002,2,16
2002-02-17,TAVG,GHCND:USW00094728,42,4.2,2002,2,17
2002-02-18,TAVG,GHCND:USW00094728,38,3.8,2002,2,18
2002-02-19,TAVG,GHCND:USW00094728,42,4.2,2002,2,19
2002-02-20,TAVG,GHCND:USW00094728,50,5.0,2002,2,20
2002-02-21,TAVG,GHCND:USW00094728,57,5.7,2002,2,21
2002-02-22,TAVG,GHCND:USW00094728,47,4.7,2002,2,22
2002-02-23,TAVG,GHCND:USW00094728,40,4.0,2002,2,23
2002-02-24,TAVG,GHCND:USW00094728,39,3.9,2002,2,24
2002-02-25,TAVG,GHCND:USW00094728,45,4.5,2002,2,25
2002-02-26,TAVG,GHCND:USW00094728,50,5.0,2002,2,26
2002-02-27,TAVG,GHCND:USW00094728,40,4.0,2002,2,27
2002-02-28,TAVG,GHCND:USW00094728,33,3.3,2002,2,28
2002-03-01,TAVG,GHCND:USW00094728,38,3.8,2002,3,1
2002-03-02,TAVG,GHCND:USW00094728,43,4.3,2002,3,2
2002-03-03,TAVG,GHCND:USW00094728,53,5.3,2002,3,3
2002-03-04,TAVG,GHCND:USW00094728,35,3.5,2002,3,4
2002-03-05,TAVG,GHCND:USW00094728,27,2.7,2002,3,5
2002-03-06,TAVG,GHCND:USW00094728,46,4.6,2002,3,6
2002-03-07,TAVG,GHCND:USW00094728,55,5.5,2002,3,7
2002-03-08,TAVG,GHCND:USW00094728,46,4.6,2002,3,8
2002-03-09,TAVG,GHCND:USW00094728,54,5.4,2002,3,9
2002-03-10,TAVG,GHCND:USW00094728,45,4.5,2002,3,10
2002-03-11,TAVG,GHCND:USW00094728,34,3.4,2002,3,11
2002-03-12,TAVG,GHCND:USW00094728,44,4.4,2002,3,12
2002-03-13,TAVG,GHCND:USW00094728,43,4.3,2002,3,13
2002-03-14,TAVG,GHCND:USW00094728,55,5.5,2002,3,14
2002-03-15,TAVG,GHCND:USW00094728,55,5.5,2002,3,15
2002-03-16,TAVG,GHCND:USW00094728,51,5.1,2002,3,16
2002-03-17,TAVG,GHCND:USW00094728,36,3.6,2002,3,17
2002-03-18,TAVG,GHCND:USW00094728,36,3.6,2002,3,18
2002-03-19,TAVG,GHCND:USW00094728,42,4.2,2002,3,19
2002-03-20,TAVG,GHCND:USW00094728,41,4.1,2002,3,20
2002-03-21,TAVG,GHCND:USW00094728,43,4.3,2002,3,21
2002-03-22,TAVG,GHCND:USW00094728,28,2.8,2002,3,22
2002-03-23,TAVG,GHCND:USW00094728,37,3.7,2002,3,23
2002-03-24,TAVG,GHCND:USW00094728,47,4.7,2002,3,24
2002-03-25,TAVG,GHCND:USW00094728,43,4.3,2002,3,25
2002-03-26,TAVG,GHCND:USW00094728,41,4.1,2002,3,26
2002-03-27,TAVG,GHCND:USW00094728,46,4.6,2002,3,27
2002-03-28,TAVG,GHCND:USW00094728,46,4.6,2002,3,28
2002-03-29,TAVG,GHCND:USW00094728,51,5.1,2002,3,29
2002-03-30,TAVG,GHCND:USW00094728,61,6.1,2002,3,30
2002-03-31,TAVG,GHCND:USW00094728,54,5.4,2002,3,31
2002-04-01,TAVG,GHCND:USW00094728,53,5.3,2002,4,1
2002-04-02,TAVG,GHCND:USW00094728,48,4.8,2002,4,2
2002-04-03,TAVG,GHCND:USW00094728,60,6.0,2002,4,3
2002-04-04,TAVG,GHCND:USW00094728,44,4.4,2002,4,4
2002-04-05,TAVG,GHCND:USW00094728,39,3.9,2002,4,5
2002-04-06,TAVG,GHCND:USW00094728,39,3.9,2002,4,6
2002-04-07,TAVG,GHCND:USW00094728,39,3.9,2002,4,7
2002-04-08,TAVG,GHCND:USW00094728,50,5.0,2002,4,8
2002-04-09,TAVG,GHCND:USW00094728,64,6.4,2002,4,9
2002-04-10,TAVG,GHCND:USW00094728,58,5.8,2002,4,10
2002-04-11,TAVG,GHCND:USW00094728,53,5.3,2002,4,11
2002-04-12,TAVG,GHCND:USW00094728,51,5.1,2002,4,12
2002-04-13,TAVG,GHCND:USW00094728,64,6.4,2002,4,13
2002-04-14,TAVG,GHCND:USW00094728,66,6.6,2002,4,14
2002-04-15,TAVG,GHCND:USW00094728,71,7.1,2002,4,15
2002-04-16,TAVG,GHCND:USW00094728,81,8.1,2002,4,16
2002-04-17,TAVG,GHCND:USW00094728,85,8.5,2002,4,17
2002-04-18,TAVG,GHCND:USW00094728,84,8.4,2002,4,18
2002-04-19,TAVG,GHCND:USW00094728,76,7.6,2002,4,19
2002-04-20,TAVG,GHCND:USW00094728,62,6.2,2002,4,20
2002-04-21,TAVG,GHCND:USW00094728,53,5.3,2002,4,21
2002-04-22,TAVG,GHCND:USW00094728,49,4.9,2002,4,22
2002-04-23,TAVG,GHCND:USW00094728,48,4.8,2002,4,23
2002-04-24,TAVG,GHCND:USW00094728,51,5.1,2002,4,24
2002-04-25,TAVG,GHCND:USW00094728,48,4.8,2002,4,25
2002-04-26,TAVG,GHCND:USW00094728,51,5.1,2002,4,26
2002-04-27,TAVG,GHCND:USW00094728,52,5.2,2002,4,27
2002-04-28,TAVG,GHCND:USW00094728,52,5.2,2002,4,28
2002-04-29,TAVG,GHCND:USW00094728,49,4.9,2002,4,29
2002-04-30,TAVG,GHCND:USW00094728,51,5.1,2002,4,30
2002-05-01,TAVG,GHCND:USW00094728,56,5.6,2002,5,1
2002-05-02,TAVG,GHCND:USW00094728,53,5.3,2002,5,2
2002-05-03,TAVG,GHCND:USW00094728,55,5.5,2002,5,3
2002-05-04,TAVG,GHCND:USW00094728,57,5.7,2002,5,4
2002-05-05,TAVG,GHCND:USW00094728,61,6.1,2002,5,5
2002-05-06,TAVG,GHCND:USW00094728,64,6.4,2002,5,6
2002-05-07,TAVG,GHCND:USW00094728,69,6.9,2002,5,7
2002-05-08,TAVG,GHCND:USW00094728,64,6.4,2002,5,8
2002-05-09,TAVG,GHCND:USW00094728,53,5.3,2002,5,9
2002-05-10,TAVG,GHCND:USW00094728,65,6.5,2002,5,10
2002-05-11,TAVG,GHCND:USW00094728,62,6.2,2002,5,11
2002-05-12,TAVG,GHCND:USW00094728,56,5.6,2002,5,12
2002-05-13,TAVG,GHCND:USW00094728,51,5.1,2002,5,13
2002-05-14,TAVG,GHCND:USW00094728,55,5.5,2002,5,14
2002-05-15,TAVG,GHCND:USW00094728,58,5.8,2002,5,15
2002-05-16,TAVG,GHCND:USW00094728,67,6.7,2002,5,16
2002-05-17,TAVG,GHCND:USW00094728,67,6.7,2002,5,17
2002-05-18,TAVG,GHCND:USW00094728,49,4.9,2002,5,18
2002-05-19,TAVG,GHCND:USW00094728,50,5.0,2002,5,19
2002-05-20,TAVG,GHCND:USW00094728,51,5.1,2002,5,20
2002-05-21,TAVG,GHCND:USW00094728,52,5.2,2002,5,21
2002-05-22,TAVG,GHCND:USW00094728,57,5.7,2002,5,22
2002-05-23,TAVG,GHCND:USW00094728,62,6.2,2002,5,23
2002-05-24,TAVG,GHCND:USW00094728,70,7.0,2002,5,24
2002-05-25,TAVG,GHCND:USW00094728,64,6.4,2002,5,25
2002-05-26,TAVG,GHCND:USW00094728,63,6.3,2002,5,26
2002-05-27,TAVG,GHCND:USW00094728,68,6.8,2002,5,27
2002-05-28,TAVG,GHCND:USW00094728,70,7.0,2002,5,28
2002-05-29,TAVG,GHCND:USW00094728,71,7.1,2002,5,29
2002-05-30,TAVG,GHCND:USW00094728,71,7.1,2002,5,30
2002-05-31,TAVG,GHCND:USW00094728,76,7.6,2002,5,31
2002-06-01,TAVG,GHCND:USW00094728,75,7.5,2002,6,1
2002-06-02,TAVG,GHCND:USW00094728,70,7.0,2002,6,2
2002-06-03,TAVG,GHCND:USW00094728,65,6.5,2002,6,3
2002-06-04,TAVG,GHCND:USW00094728,66,6.6,2002,6,4
2002-06-05,TAVG,GHCND:USW00094728,75,7.5,2002,6,5
2002-06-06,TAVG,GHCND:USW00094728,68,6.8,2002,6,6
2002-06-07,TAVG,GHCND:USW00094728,62,6.2,2002,6,7
2002-06-08,TAVG,GHCND:USW00094728,62,6.2,2002,6,8
2002-06-09,TAVG,GHCND:USW00094728,70,7.0,2002,6,9
2002-06-10,TAVG,GHCND:USW00094728,73,7.3,2002,6,10
2002-06-11,TAVG,GHCND:USW00094728,77,7.7,2002,6,11
2002-06-12,TAVG,GHCND:USW00094728,73,7.3,2002,6,12
2002-06-13,TAVG,GHCND:USW00094728,62,6.2,2002,6,13
2002-06-14,TAVG,GHCND:USW00094728,60,6.0,2002,6,14
2002-06-15,TAVG,GHCND:USW00094728,59,5.9,2002,6,15
2002-06-16,TAVG,GHCND:USW00094728,68,6.8,2002,6,16
2002-06-17,TAVG,GHCND:USW00094728,68,6.8,2002,6,17
2002-06-18,TAVG,GHCND:USW00094728,68,6.8,2002,6,18
2002-06-19,TAVG,GHCND:USW00094728,71,7.1,2002,6,19
2002-06-20,TAVG,GHCND:USW00094728,72,7.2,2002,6,20
2002-06-21,TAVG,GHCND:USW00094728,73,7.3,2002,6,21
2002-06-22,TAVG,GHCND:USW00094728,77,7.7,2002,6,22
2002-06-23,TAVG,GHCND:USW00094728,79,7.9,2002,6,23
2002-06-24,TAVG,GHCND:USW00094728,82,8.2,2002,6,24
2002-06-25,TAVG,GHCND:USW00094728,79,7.9,2002,6,25
2002-06-26,TAVG,GHCND:USW00094728,84,8.4,2002,6,26
2002-06-27,TAVG,GHCND:USW00094728,80,8.0,2002,6,27
2002-06-28,TAVG,GHCND:USW00094728,77,7.7,2002,6,28
2002-06-29,TAVG,GHCND:USW00094728,77,7.7,2002,6,29
2002-07-01,TAVG,GHCND:USW00094728,80,8.0,2002,7,1
2002-07-02,TAVG,GHCND:USW00094728,85,8.5,2002,7,2
2002-07-03,TAVG,GHCND:USW00094728,89,8.9,2002,7,3
2002-07-04,TAVG,GHCND:USW00094728,89,8.9,2002,7,4
2002-07-05,TAVG,GHCND:USW00094728,78,7.8,2002,7,5
2002-07-06,TAVG,GHCND:USW00094728,74,7.4,2002,7,6
2002-07-07,TAVG,GHCND:USW00094728,78,7.8,2002,7,7
2002-07-08,TAVG,GHCND:USW00094728,80,8.0,2002,7,8
2002-07-09,TAVG,GHCND:USW00094728,84,8.4,2002,7,9
2002-07-10,TAVG,GHCND:USW00094728,76,7.6,2002,7,10
2002-07-11,TAVG,GHCND:USW00094728,70,7.0,2002,7,11
2002-07-12,TAVG,GHCND:USW00094728,72,7.2,2002,7,12
2002-07-13,TAVG,GHCND:USW00094728,74,7.4,2002,7,13
2002-07-14,TAVG,GHCND:USW00094728,76,7.6,2002,7,14
2002-07-15,TAVG,GHCND:USW00094728,81,8.1,2002,7,15
2002-07-16,TAVG,GHCND:USW00094728,79,7.9,2002,7,16
2002-07-17,TAVG,GHCND:USW00094728,79,7.9,2002,7,17
2002-07-18,TAVG,GHCND:USW00094728,87,8.7,2002,7,18
2002-07-19,TAVG,GHCND:USW00094728,80,8.0,2002,7,19
2002-07-20,TAVG,GHCND:USW00094728,77,7.7,2002,7,20
2002-07-21,TAVG,GHCND:USW00094728,76,7.6,2002,7,21
2002-07-22,TAVG,GHCND:USW00094728,81,8.1,2002,7,22
2002-07-23,TAVG,GHCND:USW00094728,83,8.3,2002,7,23
2002-07-24,TAVG,GHCND:USW00094728,74,7.4,2002,7,24
2002-07-25,TAVG,GHCND:USW00094728,71,7.1,2002,7,25
2002-07-26,TAVG,GHCND:USW00094728,68,6.8,2002,7,26
2002-07-27,TAVG,GHCND:USW00094728,71,7.1,2002,7,27
2002-07-28,TAVG,GHCND:USW00094728,78,7.8,2002,7,28
2002-07-29,TAVG,GHCND:USW00094728,88,8.8,2002,7,29
2002-07-30,TAVG,GHCND:USW00094728,88,8.8,2002,7,30
2002-07-31,TAVG,GHCND:USW00094728,85,8.5,2002,7,31
2002-08-01,TAVG,GHCND:USW00094728,86,8.6,2002,8,1
2002-08-02,TAVG,GHCND:USW00094728,84,8.4,2002,8,2
2002-08-03,TAVG,GHCND:USW00094728,80,8.0,2002,8,3
2002-08-04,TAVG,GHCND:USW00094728,85,8.5,2002,8,4
2002-08-05,TAVG,GHCND:USW00094728,85,8.5,2002,8,5
2002-08-06,TAVG,GHCND:USW00094728,73,7.3,2002,8,6
2002-08-07,TAVG,GHCND:USW00094728,71,7.1,2002,8,7
2002-08-08,TAVG,GHCND:USW00094728,73,7.3,2002,8,8
2002-08-09,TAVG,GHCND:USW00094728,76,7.6,2002,8,9
2002-08-10,TAVG,GHCND:USW00094728,79,7.9,2002,8,10
2002-08-11,TAVG,GHCND:USW00094728,81,8.1,2002,8,11
2002-08-12,TAVG,GHCND:USW00094728,85,8.5,2002,8,12
2002-08-13,TAVG,GHCND:USW00094728,0,0.0,2002,8,13
2002-08-14,TAVG,GHCND:USW00094728,87,8.7,2002,8,14
2002-08-15,TAVG,GHCND:USW00094728,84,8.4,2002,8,15
2002-08-16,TAVG,GHCND:USW00094728,84,8.4,2002,8,16
2002-08-17,TAVG,GHCND:USW00094728,84,8.4,2002,8,17
2002-08-18,TAVG,GHCND:USW00094728,86,8.6,2002,8,18
2002-08-19,TAVG,GHCND:USW00094728,85,8.5,2002,8,19
2002-08-20,TAVG,GHCND:USW00094728,74,7.4,2002,8,20
2002-08-21,TAVG,GHCND:USW00094728,76,7.6,2002,8,21
2002-08-22,TAVG,GHCND:USW00094728,77,7.7,2002,8,22
2002-08-23,TAVG,GHCND:USW00094728,72,7.2,2002,8,23
2002-08-24,TAVG,GHCND:USW00094728,69,6.9,2002,8,24
2002-08-25,TAVG,GHCND:USW00094728,74,7.4,2002,8,25
2002-08-26,TAVG,GHCND:USW00094728,75,7.5,2002,8,26
2002-08-27,TAVG,GHCND:USW00094728,76,7.6,2002,8,27
2002-08-28,TAVG,GHCND:USW00094728,70,7.0,2002,8,28
2002-08-29,TAVG,GHCND:USW00094728,63,6.3,2002,8,29
2002-08-30,TAVG,GHCND:USW00094728,66,6.6,2002,8,30
2002-08-31,TAVG,GHCND:USW00094728,68,6.8,2002,8,31
2002-09-01,TAVG,GHCND:USW00094728,62,6.2,2002,9,1
2002-09-02,TAVG,GHCND:USW00094728,0,0.0,2002,9,2
2002-09-03,TAVG,GHCND:USW00094728,0,0.0,2002,9,3
2002-09-04,TAVG,GHCND:USW00094728,79,7.9,2002,9,4
2002-09-05,TAVG,GHCND:USW00094728,73,7.3,2002,9,5
2002-09-06,TAVG,GHCND:USW00094728,68,6.8,2002,9,6
2002-09-07,TAVG,GHCND:USW00094728,73,7.3,2002,9,7
2002-09-08,TAVG,GHCND:USW00094728,74,7.4,2002,9,8
2002-09-09,TAVG,GHCND:USW00094728,78,7.8,2002,9,9
2002-09-10,TAVG,GHCND:USW00094728,81,8.1,2002,9,10
2002-09-11,TAVG,GHCND:USW00094728,70,7.0,2002,9,11
2002-09-12,TAVG,GHCND:USW00094728,64,6.4,2002,9,12
2002-09-13,TAVG,GHCND:USW00094728,72,7.2,2002,9,13
2002-09-14,TAVG,GHCND:USW00094728,74,7.4,2002,9,14
2002-09-15,TAVG,GHCND:USW00094728,75,7.5,2002,9,15
2002-09-16,TAVG,GHCND:USW00094728,74,7.4,2002,9,16
2002-09-17,TAVG,GHCND:USW00094728,71,7.1,2002,9,17
2002-09-18,TAVG,GHCND:USW00094728,70,7.0,2002,9,18
2002-09-19,TAVG,GHCND:USW00094728,70,7.0,2002,9,19
2002-09-20,TAVG,GHCND:USW00094728,73,7.3,2002,9,20
2002-09-21,TAVG,GHCND:USW00094728,76,7.6,2002,9,21
2002-09-22,TAVG,GHCND:USW00094728,76,7.6,2002,9,22
2002-09-23,TAVG,GHCND:USW00094728,69,6.9,2002,9,23
2002-09-24,TAVG,GHCND:USW00094728,67,6.7,2002,9,24
2002-09-25,TAVG,GHCND:USW00094728,66,6.6,2002,9,25
2002-09-26,TAVG,GHCND:USW00094728,61,6.1,2002,9,26
2002-09-27,TAVG,GHCND:USW00094728,66,6.6,2002,9,27
2002-09-28,TAVG,GHCND:USW00094728,67,6.7,2002,9,28
2002-09-29,TAVG,GHCND:USW00094728,62,6.2,2002,9,29
2002-09-30,TAVG,GHCND:USW00094728,65,6.5,2002,9,30
2002-10-01,TAVG,GHCND:USW00094728,70,7.0,2002,10,1
2002-10-02,TAVG,GHCND:USW00094728,75,7.5,2002,10,2
2002-10-03,TAVG,GHCND:USW00094728,71,7.1,2002,10,3
2002-10-04,TAVG,GHCND:USW00094728,66,6.6,2002,10,4
2002-10-05,TAVG,GHCND:USW00094728,72,7.2,2002,10,5
2002-10-06,TAVG,GHCND:USW00094728,62,6.2,2002,10,6
2002-10-07,TAVG,GHCND:USW00094728,67,6.7,2002,10,7
2002-10-08,TAVG,GHCND:USW00094728,56,5.6,2002,10,8
2002-10-09,TAVG,GHCND:USW00094728,57,5.7,2002,10,9
2002-10-10,TAVG,GHCND:USW00094728,59,5.9,2002,10,10
2002-10-11,TAVG,GHCND:USW00094728,58,5.8,2002,10,11
2002-10-12,TAVG,GHCND:USW00094728,59,5.9,2002,10,12
2002-10-13,TAVG,GHCND:USW00094728,58,5.8,2002,10,13
2002-10-14,TAVG,GHCND:USW00094728,51,5.1,2002,10,14
2002-10-15,TAVG,GHCND:USW00094728,49,4.9,2002,10,15
2002-10-16,TAVG,GHCND:USW00094728,55,5.5,2002,10,16
2002-10-17,TAVG,GHCND:USW00094728,54,5.4,2002,10,17
2002-10-18,TAVG,GHCND:USW00094728,51,5.1,2002,10,18
2002-10-19,TAVG,GHCND:USW00094728,56,5.6,2002,10,19
2002-10-20,TAVG,GHCND:USW00094728,54,5.4,2002,10,20
2002-10-21,TAVG,GHCND:USW00094728,51,5.1,2002,10,21
2002-10-22,TAVG,GHCND:USW00094728,48,4.8,2002,10,22
2002-10-23,TAVG,GHCND:USW00094728,48,4.8,2002,10,23
2002-10-24,TAVG,GHCND:USW00094728,43,4.3,2002,10,24
2002-10-25,TAVG,GHCND:USW00094728,48,4.8,2002,10,25
2002-10-26,TAVG,GHCND:USW00094728,53,5.3,2002,10,26
2002-10-27,TAVG,GHCND:USW00094728,53,5.3,2002,10,27
2002-10-28,TAVG,GHCND:USW00094728,48,4.8,2002,10,28
2002-10-29,TAVG,GHCND:USW00094728,42,4.2,2002,10,29
2002-10-30,TAVG,GHCND:USW00094728,41,4.1,2002,10,30
2002-10-31,TAVG,GHCND:USW00094728,44,4.4,2002,10,31
2002-11-01,TAVG,GHCND:USW00094728,45,4.5,2002,11,1
2002-11-02,TAVG,GHCND:USW00094728,40,4.0,2002,11,2
2002-11-03,TAVG,GHCND:USW00094728,42,4.2,2002,11,3
2002-11-04,TAVG,GHCND:USW00094728,46,4.6,2002,11,4
2002-11-05,TAVG,GHCND:USW00094728,45,4.5,2002,11,5
2002-11-06,TAVG,GHCND:USW00094728,47,4.7,2002,11,6
2002-11-07,TAVG,GHCND:USW00094728,42,4.2,2002,11,7
2002-11-08,TAVG,GHCND:USW00094728,49,4.9,2002,11,8
2002-11-09,TAVG,GHCND:USW00094728,55,5.5,2002,11,9
2002-11-10,TAVG,GHCND:USW00094728,62,6.2,2002,11,10
2002-11-11,TAVG,GHCND:USW00094728,64,6.4,2002,11,11
2002-11-12,TAVG,GHCND:USW00094728,55,5.5,2002,11,12
2002-11-13,TAVG,GHCND:USW00094728,47,4.7,2002,11,13
2002-11-14,TAVG,GHCND:USW00094728,48,4.8,2002,11,14
2002-11-15,TAVG,GHCND:USW00094728,55,5.5,2002,11,15
2002-11-16,TAVG,GHCND:USW00094728,46,4.6,2002,11,16
2002-11-17,TAVG,GHCND:USW00094728,41,4.1,2002,11,17
2002-11-18,TAVG,GHCND:USW00094728,43,4.3,2002,11,18
2002-11-19,TAVG,GHCND:USW00094728,44,4.4,2002,11,19
2002-11-20,TAVG,GHCND:USW00094728,50,5.0,2002,11,20
2002-11-21,TAVG,GHCND:USW00094728,51,5.1,2002,11,21
2002-11-22,TAVG,GHCND:USW00094728,48,4.8,2002,11,22
2002-11-23,TAVG,GHCND:USW00094728,40,4.0,2002,11,23
2002-11-24,TAVG,GHCND:USW00094728,44,4.4,2002,11,24
2002-11-25,TAVG,GHCND:USW00094728,51,5.1,2002,11,25
2002-11-26,TAVG,GHCND:USW00094728,44,4.4,2002,11,26
2002-11-27,TAVG,GHCND:USW00094728,34,3.4,2002,11,27
2002-11-28,TAVG,GHCND:USW00094728,30,3.0,2002,11,28
2002-11-29,TAVG,GHCND:USW00094728,35,3.5,2002,11,29
2002-11-30,TAVG,GHCND:USW00094728,45,4.5,2002,11,30
2002-12-01,TAVG,GHCND:USW00094728,35,3.5,2002,12,1
2002-12-02,TAVG,GHCND:USW00094728,34,3.4,2002,12,2
2002-12-03,TAVG,GHCND:USW00094728,28,2.8,2002,12,3
2002-12-04,TAVG,GHCND:USW00094728,26,2.6,2002,12,4
2002-12-05,TAVG,GHCND:USW00094728,29,2.9,2002,12,5
2002-12-06,TAVG,GHCND:USW00094728,32,3.2,2002,12,6
2002-12-07,TAVG,GHCND:USW00094728,31,3.1,2002,12,7
2002-12-08,TAVG,GHCND:USW00094728,38,3.8,2002,12,8
2002-12-09,TAVG,GHCND:USW00094728,25,2.5,2002,12,9
2002-12-10,TAVG,GHCND:USW00094728,31,3.1,2002,12,10
2002-12-11,TAVG,GHCND:USW00094728,36,3.6,2002,12,11
2002-12-12,TAVG,GHCND:USW00094728,42,4.2,2002,12,12
2002-12-13,TAVG,GHCND:USW00094728,40,4.0,2002,12,13
2002-12-14,TAVG,GHCND:USW00094728,43,4.3,2002,12,14
2002-12-15,TAVG,GHCND:USW00094728,44,4.4,2002,12,15
2002-12-16,TAVG,GHCND:USW00094728,36,3.6,2002,12,16
2002-12-17,TAVG,GHCND:USW00094728,28,2.8,2002,12,17
2002-12-18,TAVG,GHCND:USW00094728,31,3.1,2002,12,18
2002-12-19,TAVG,GHCND:USW00094728,40,4.0,2002,12,19
2002-12-20,TAVG,GHCND:USW00094728,51,5.1,2002,12,20
2002-12-21,TAVG,GHCND:USW00094728,42,4.2,2002,12,21
2002-12-22,TAVG,GHCND:USW00094728,46,4.6,2002,12,22
2002-12-23,TAVG,GHCND:USW00094728,42,4.2,2002,12,23
2002-12-24,TAVG,GHCND:USW00094728,37,3.7,2002,12,24
2002-12-25,TAVG,GHCND:USW00094728,34,3.4,2002,12,25
2002-12-26,TAVG,GHCND:USW00094728,33,3.3,2002,12,26
2002-12-27,TAVG,GHCND:USW00094728,35,3.5,2002,12,27
2002-12-28,TAVG,GHCND:USW00094728,33,3.3,2002,12,28
2002-12-29,TAVG,GHCND:USW00094728,38,3.8,2002,12,29
2002-12-30,TAVG,GHCND:USW00094728,38,3.8,2002,12,30
2002-12-31,TAVG,GHCND:USW00094728,46,4.6,2002,12,31
2003-01-01,TAVG,GHCND:USW00094728,43,4.3,2003,1,1
2003-01-02,TAVG,GHCND:USW00094728,33,3.3,2003,1,2
2003-01-03,TAVG,GHCND:USW00094728,32,3.2,2003,1,3
2003-01-04,TAVG,GHCND:USW00094728,34,3.4,2003,1,4
2003-01-05,TAVG,GHCND:USW00094728,34,3.4,2003,1,5
2003-01-06,TAVG,GHCND:USW00094728,32,3.2,2003,1,6
2003-01-07,TAVG,GHCND:USW00094728,28,2.8,2003,1,7
2003-01-08,TAVG,GHCND:USW00094728,35,3.5,2003,1,8
2003-01-09,TAVG,GHCND:USW00094728,44,4.4,2003,1,9
2003-01-10,TAVG,GHCND:USW00094728,40,4.0,2003,1,10
2003-01-11,TAVG,GHCND:USW00094728,29,2.9,2003,1,11
2003-01-12,TAVG,GHCND:USW00094728,29,2.9,2003,1,12
2003-01-13,TAVG,GHCND:USW00094728,33,3.3,2003,1,13
2003-01-14,TAVG,GHCND:USW00094728,24,2.4,2003,1,14
2003-01-15,TAVG,GHCND:USW00094728,26,2.6,2003,1,15
2003-01-16,TAVG,GHCND:USW00094728,24,2.4,2003,1,16
2003-01-17,TAVG,GHCND:USW00094728,21,2.1,2003,1,17
2003-01-18,TAVG,GHCND:USW00094728,14,1.4,2003,1,18
2003-01-19,TAVG,GHCND:USW00094728,23,2.3,2003,1,19
2003-01-20,TAVG,GHCND:USW00094728,26,2.6,2003,1,20
2003-01-21,TAVG,GHCND:USW00094728,21,2.1,2003,1,21
2003-01-22,TAVG,GHCND:USW00094728,17,1.7,2003,1,22
2003-01-23,TAVG,GHCND:USW00094728,15,1.5,2003,1,23
2003-01-24,TAVG,GHCND:USW00094728,17,1.7,2003,1,24
2003-01-25,TAVG,GHCND:USW00094728,26,2.6,2003,1,25
2003-01-26,TAVG,GHCND:USW00094728,31,3.1,2003,1,26
2003-01-27,TAVG,GHCND:USW00094728,18,1.8,2003,1,27
2003-01-28,TAVG,GHCND:USW00094728,16,1.6,2003,1,28
2003-01-29,TAVG,GHCND:USW00094728,29,2.9,2003,1,29
2003-01-30,TAVG,GHCND:USW00094728,30,3.0,2003,1,30
2003-01-31,TAVG,GHCND:USW00094728,35,3.5,2003,1,31
2003-02-01,TAVG,GHCND:USW00094728,36,3.6,2003,2,1
2003-02-02,TAVG,GHCND:USW00094728,41,4.1,2003,2,2
2003-02-03,TAVG,GHCND:USW00094728,43,4.3,2003,2,3
2003-02-04,TAVG,GHCND:USW00094728,43,4.3,2003,2,4
2003-02-05,TAVG,GHCND:USW00094728,32,3.2,2003,2,5
2003-02-06,TAVG,GHCND:USW00094728,27,2.7,2003,2,6
2003-02-07,TAVG,GHCND:USW00094728,29,2.9,2003,2,7
2003-02-08,TAVG,GHCND:USW00094728,24,2.4,2003,2,8
2003-02-09,TAVG,GHCND:USW00094728,29,2.9,2003,2,9
2003-02-10,TAVG,GHCND:USW00094728,34,3.4,2003,2,10
2003-02-11,TAVG,GHCND:USW00094728,24,2.4,2003,2,11
2003-02-12,TAVG,GHCND:USW00094728,27,2.7,2003,2,12
2003-02-13,TAVG,GHCND:USW00094728,21,2.1,2003,2,13
2003-02-14,TAVG,GHCND:USW00094728,23,2.3,2003,2,14
2003-02-15,TAVG,GHCND:USW00094728,22,2.2,2003,2,15
2003-02-16,TAVG,GHCND:USW00094728,12,1.2,2003,2,16
2003-02-17,TAVG,GHCND:USW00094728,20,2.0,2003,2,17
2003-02-18,TAVG,GHCND:USW00094728,29,2.9,2003,2,18
2003-02-19,TAVG,GHCND:USW00094728,35,3.5,2003,2,19
2003-02-20,TAVG,GHCND:USW00094728,43,4.3,2003,2,20
2003-02-21,TAVG,GHCND:USW00094728,42,4.2,2003,2,21
2003-02-22,TAVG,GHCND:USW00094728,39,3.9,2003,2,22
2003-02-23,TAVG,GHCND:USW00094728,37,3.7,2003,2,23
2003-02-24,TAVG,GHCND:USW00094728,30,3.0,2003,2,24
2003-02-25,TAVG,GHCND:USW00094728,27,2.7,2003,2,25
2003-02-26,TAVG,GHCND:USW00094728,19,1.9,2003,2,26
2003-02-27,TAVG,GHCND:USW00094728,27,2.7,2003,2,27
2003-02-28,TAVG,GHCND:USW00094728,33,3.3,2003,2,28
2003-03-01,TAVG,GHCND:USW00094728,37,3.7,2003,3,1
2003-03-02,TAVG,GHCND:USW00094728,40,4.0,2003,3,2
2003-03-03,TAVG,GHCND:USW00094728,25,2.5,2003,3,3
2003-03-04,TAVG,GHCND:USW00094728,28,2.8,2003,3,4
2003-03-05,TAVG,GHCND:USW00094728,44,4.4,2003,3,5
2003-03-06,TAVG,GHCND:USW00094728,32,3.2,2003,3,6
2003-03-07,TAVG,GHCND:USW00094728,25,2.5,2003,3,7
2003-03-08,TAVG,GHCND:USW00094728,39,3.9,2003,3,8
2003-03-09,TAVG,GHCND:USW00094728,37,3.7,2003,3,9
2003-03-10,TAVG,GHCND:USW00094728,24,2.4,2003,3,10
2003-03-11,TAVG,GHCND:USW00094728,31,3.1,2003,3,11
2003-03-12,TAVG,GHCND:USW00094728,42,4.2,2003,3,12
2003-03-13,TAVG,GHCND:USW00094728,40,4.0,2003,3,13
2003-03-14,TAVG,GHCND:USW00094728,30,3.0,2003,3,14
2003-03-15,TAVG,GHCND:USW00094728,43,4.3,2003,3,15
2003-03-16,TAVG,GHCND:USW00094728,56,5.6,2003,3,16
2003-03-17,TAVG,GHCND:USW00094728,59,5.9,2003,3,17
2003-03-18,TAVG,GHCND:USW00094728,54,5.4,2003,3,18
2003-03-19,TAVG,GHCND:USW00094728,40,4.0,2003,3,19
2003-03-20,TAVG,GHCND:USW00094728,43,4.3,2003,3,20
2003-03-21,TAVG,GHCND:USW00094728,58,5.8,2003,3,21
2003-03-22,TAVG,GHCND:USW00094728,59,5.9,2003,3,22
2003-03-23,TAVG,GHCND:USW00094728,52,5.2,2003,3,23
2003-03-24,TAVG,GHCND:USW00094728,55,5.5,2003,3,24
2003-03-25,TAVG,GHCND:USW00094728,50,5.0,2003,3,25
2003-03-26,TAVG,GHCND:USW00094728,56,5.6,2003,3,26
2003-03-27,TAVG,GHCND:USW00094728,52,5.2,2003,3,27
2003-03-28,TAVG,GHCND:USW00094728,53,5.3,2003,3,28
2003-03-29,TAVG,GHCND:USW00094728,61,6.1,2003,3,29
2003-03-30,TAVG,GHCND:USW00094728,45,4.5,2003,3,30
2003-03-31,TAVG,GHCND:USW00094728,37,3.7,2003,3,31
2003-04-01,TAVG,GHCND:USW00094728,37,3.7,2003,4,1
2003-04-02,TAVG,GHCND:USW00094728,48,4.8,2003,4,2
2003-04-03,TAVG,GHCND:USW00094728,47,4.7,2003,4,3
2003-04-04,TAVG,GHCND:USW00094728,40,4.0,2003,4,4
2003-04-05,TAVG,GHCND:USW00094728,39,3.9,2003,4,5
2003-04-06,TAVG,GHCND:USW00094728,40,4.0,2003,4,6
2003-04-07,TAVG,GHCND:USW00094728,34,3.4,2003,4,7
2003-04-08,TAVG,GHCND:USW00094728,34,3.4,2003,4,8
2003-04-09,TAVG,GHCND:USW00094728,37,3.7,2003,4,9
2003-04-10,TAVG,GHCND:USW00094728,44,4.4,2003,4,10
2003-04-11,TAVG,GHCND:USW00094728,42,4.2,2003,4,11
2003-04-12,TAVG,GHCND:USW00094728,57,5.7,2003,4,12
2003-04-13,TAVG,GHCND:USW00094728,53,5.3,2003,4,13
2003-04-14,TAVG,GHCND:USW00094728,51,5.1,2003,4,14
2003-04-15,TAVG,GHCND:USW00094728,66,6.6,2003,4,15
2003-04-16,TAVG,GHCND:USW00094728,70,7.0,2003,4,16
2003-04-17,TAVG,GHCND:USW00094728,44,4.4,2003,4,17
2003-04-18,TAVG,GHCND:USW00094728,42,4.2,2003,4,18
2003-04-19,TAVG,GHCND:USW00094728,52,5.2,2003,4,19
2003-04-20,TAVG,GHCND:USW00094728,56,5.6,2003,4,20
2003-04-21,TAVG,GHCND:USW00094728,53,5.3,2003,4,21
2003-04-22,TAVG,GHCND:USW00094728,52,5.2,2003,4,22
2003-04-23,TAVG,GHCND:USW00094728,46,4.6,2003,4,23
2003-04-24,TAVG,GHCND:USW00094728,51,5.1,2003,4,24
2003-04-25,TAVG,GHCND:USW00094728,56,5.6,2003,4,25
2003-04-26,TAVG,GHCND:USW00094728,52,5.2,2003,4,26
2003-04-27,TAVG,GHCND:USW00094728,62,6.2,2003,4,27
2003-04-28,TAVG,GHCND:USW00094728,67,6.7,2003,4,28
2003-04-29,TAVG,GHCND:USW00094728,69,6.9,2003,4,29
2003-04-30,TAVG,GHCND:USW00094728,59,5.9,2003,4,30
2003-05-01,TAVG,GHCND:USW00094728,62,6.2,2003,5,1
2003-05-02,TAVG,GHCND:USW00094728,64,6.4,2003,5,2
2003-05-03,TAVG,GHCND:USW00094728,58,5.8,2003,5,3
2003-05-04,TAVG,GHCND:USW00094728,56,5.6,2003,5,4
2003-05-05,TAVG,GHCND:USW00094728,52,5.2,2003,5,5
2003-05-06,TAVG,GHCND:USW00094728,53,5.3,2003,5,6
2003-05-07,TAVG,GHCND:USW00094728,67,6.7,2003,5,7
2003-05-08,TAVG,GHCND:USW00094728,57,5.7,2003,5,8
2003-05-09,TAVG,GHCND:USW00094728,59,5.9,2003,5,9
2003-05-10,TAVG,GHCND:USW00094728,61,6.1,2003,5,10
2003-05-11,TAVG,GHCND:USW00094728,59,5.9,2003,5,11
2003-05-12,TAVG,GHCND:USW00094728,59,5.9,2003,5,12
2003-05-13,TAVG,GHCND:USW00094728,56,5.6,2003,5,13
2003-05-14,TAVG,GHCND:USW00094728,59,5.9,2003,5,14
2003-05-15,TAVG,GHCND:USW00094728,60,6.0,2003,5,15
2003-05-16,TAVG,GHCND:USW00094728,55,5.5,2003,5,16
2003-05-17,TAVG,GHCND:USW00094728,55,5.5,2003,5,17
2003-05-18,TAVG,GHCND:USW00094728,55,5.5,2003,5,18
2003-05-19,TAVG,GHCND:USW00094728,62,6.2,2003,5,19
2003-05-20,TAVG,GHCND:USW00094728,67,6.7,2003,5,20
2003-05-21,TAVG,GHCND:USW00094728,60,6.0,2003,5,21
2003-05-22,TAVG,GHCND:USW00094728,53,5.3,2003,5,22
2003-05-23,TAVG,GHCND:USW00094728,53,5.3,2003,5,23
2003-05-24,TAVG,GHCND:USW00094728,54,5.4,2003,5,24
2003-05-25,TAVG,GHCND:USW00094728,58,5.8,2003,5,25
2003-05-26,TAVG,GHCND:USW00094728,54,5.4,2003,5,26
2003-05-27,TAVG,GHCND:USW00094728,60,6.0,2003,5,27
2003-05-28,TAVG,GHCND:USW00094728,62,6.2,2003,5,28
2003-05-29,TAVG,GHCND:USW00094728,65,6.5,2003,5,29
2003-05-30,TAVG,GHCND:USW00094728,70,7.0,2003,5,30
2003-05-31,TAVG,GHCND:USW00094728,64,6.4,2003,5,31
2003-06-01,TAVG,GHCND:USW00094728,60,6.0,2003,6,1
2003-06-02,TAVG,GHCND:USW00094728,61,6.1,2003,6,2
2003-06-03,TAVG,GHCND:USW00094728,61,6.1,2003,6,3
2003-06-04,TAVG,GHCND:USW00094728,54,5.4,2003,6,4
2003-06-05,TAVG,GHCND:USW00094728,64,6.4,2003,6,5
2003-06-06,TAVG,GHCND:USW00094728,67,6.7,2003,6,6
2003-06-07,TAVG,GHCND:USW00094728,62,6.2,2003,6,7
2003-06-08,TAVG,GHCND:USW00094728,63,6.3,2003,6,8
2003-06-09,TAVG,GHCND:USW00094728,66,6.6,2003,6,9
2003-06-10,TAVG,GHCND:USW00094728,71,7.1,2003,6,10
2003-06-11,TAVG,GHCND:USW00094728,72,7.2,2003,6,11
2003-06-12,TAVG,GHCND:USW00094728,74,7.4,2003,6,12
2003-06-13,TAVG,GHCND:USW00094728,63,6.3,2003,6,13
2003-06-14,TAVG,GHCND:USW00094728,71,7.1,2003,6,14
2003-06-15,TAVG,GHCND:USW00094728,72,7.2,2003,6,15
2003-06-16,TAVG,GHCND:USW00094728,63,6.3,2003,6,16
2003-06-17,TAVG,GHCND:USW00094728,60,6.0,2003,6,17
2003-06-18,TAVG,GHCND:USW00094728,64,6.4,2003,6,18
2003-06-19,TAVG,GHCND:USW00094728,68,6.8,2003,6,19
2003-06-20,TAVG,GHCND:USW00094728,66,6.6,2003,6,20
2003-06-21,TAVG,GHCND:USW00094728,61,6.1,2003,6,21
2003-06-22,TAVG,GHCND:USW00094728,62,6.2,2003,6,22
2003-06-23,TAVG,GHCND:USW00094728,73,7.3,2003,6,23
2003-06-24,TAVG,GHCND:USW00094728,81,8.1,2003,6,24
2003-06-25,TAVG,GHCND:USW00094728,82,8.2,2003,6,25
2003-06-26,TAVG,GHCND:USW00094728,86,8.6,2003,6,26
2003-06-27,TAVG,GHCND:USW00094728,82,8.2,2003,6,27
2003-06-28,TAVG,GHCND:USW00094728,76,7.6,2003,6,28
2003-06-29,TAVG,GHCND:USW00094728,74,7.4,2003,6,29
2003-06-30,TAVG,GHCND:USW00094728,79,7.9,2003,6,30
2003-07-01,TAVG,GHCND:USW00094728,75,7.5,2003,7,1
2003-07-02,TAVG,GHCND:USW00094728,77,7.7,2003,7,2
2003-07-03,TAVG,GHCND:USW00094728,68,6.8,2003,7,3
2003-07-04,TAVG,GHCND:USW00094728,76,7.6,2003,7,4
2003-07-05,TAVG,GHCND:USW00094728,81,8.1,2003,7,5
2003-07-06,TAVG,GHCND:USW00094728,83,8.3,2003,7,6
2003-07-07,TAVG,GHCND:USW00094728,83,8.3,2003,7,7
2003-07-08,TAVG,GHCND:USW00094728,82,8.2,2003,7,8
2003-07-09,TAVG,GHCND:USW00094728,75,7.5,2003,7,9
2003-07-10,TAVG,GHCND:USW00094728,68,6.8,2003,7,10
2003-07-11,TAVG,GHCND:USW00094728,73,7.3,2003,7,11
2003-07-12,TAVG,GHCND:USW00094728,76,7.6,2003,7,12
2003-07-13,TAVG,GHCND:USW00094728,75,7.5,2003,7,13
2003-07-14,TAVG,GHCND:USW00094728,72,7.2,2003,7,14
2003-07-15,TAVG,GHCND:USW00094728,73,7.3,2003,7,15
2003-07-16,TAVG,GHCND:USW00094728,78,7.8,2003,7,16
2003-07-17,TAVG,GHCND:USW00094728,75,7.5,2003,7,17
2003-07-18,TAVG,GHCND:USW00094728,74,7.4,2003,7,18
2003-07-19,TAVG,GHCND:USW00094728,74,7.4,2003,7,19
2003-07-20,TAVG,GHCND:USW00094728,76,7.6,2003,7,20
2003-07-21,TAVG,GHCND:USW00094728,76,7.6,2003,7,21
2003-07-22,TAVG,GHCND:USW00094728,75,7.5,2003,7,22
2003-07-23,TAVG,GHCND:USW00094728,75,7.5,2003,7,23
2003-07-24,TAVG,GHCND:USW00094728,77,7.7,2003,7,24
2003-07-25,TAVG,GHCND:USW00094728,78,7.8,2003,7,25
2003-07-26,TAVG,GHCND:USW00094728,79,7.9,2003,7,26
2003-07-27,TAVG,GHCND:USW00094728,81,8.1,2003,7,27
2003-07-28,TAVG,GHCND:USW00094728,77,7.7,2003,7,28
2003-07-29,TAVG,GHCND:USW00094728,74,7.4,2003,7,29
2003-07-30,TAVG,GHCND:USW00094728,74,7.4,2003,7,30
2003-07-31,TAVG,GHCND:USW00094728,72,7.2,2003,7,31
2003-08-01,TAVG,GHCND:USW00094728,74,7.4,2003,8,1
2003-08-02,TAVG,GHCND:USW00094728,79,7.9,2003,8,2
2003-08-03,TAVG,GHCND:USW00094728,81,8.1,2003,8,3
2003-08-04,TAVG,GHCND:USW00094728,79,7.9,2003,8,4
2003-08-05,TAVG,GHCND:USW00094728,76,7.6,2003,8,5
2003-08-06,TAVG,GHCND:USW00094728,75,7.5,2003,8,6
2003-08-07,TAVG,GHCND:USW00094728,75,7.5,2003,8,7
2003-08-08,TAVG,GHCND:USW00094728,76,7.6,2003,8,8
2003-08-09,TAVG,GHCND:USW00094728,76,7.6,2003,8,9
2003-08-10,TAVG,GHCND:USW00094728,77,7.7,2003,8,10
2003-08-11,TAVG,GHCND:USW00094728,77,7.7,2003,8,11
2003-08-12,TAVG,GHCND:USW00094728,79,7.9,2003,8,12
2003-08-13,TAVG,GHCND:USW00094728,81,8.1,2003,8,13
2003-08-15,TAVG,GHCND:USW00094728,81,8.1,2003,8,15
2003-08-16,TAVG,GHCND:USW00094728,80,8.0,2003,8,16
2003-08-17,TAVG,GHCND:USW00094728,73,7.3,2003,8,17
2003-08-18,TAVG,GHCND:USW00094728,72,7.2,2003,8,18
2003-08-19,TAVG,GHCND:USW00094728,76,7.6,2003,8,19
2003-08-20,TAVG,GHCND:USW00094728,79,7.9,2003,8,20
2003-08-21,TAVG,GHCND:USW00094728,81,8.1,2003,8,21
2003-08-22,TAVG,GHCND:USW00094728,83,8.3,2003,8,22
2003-08-23,TAVG,GHCND:USW00094728,75,7.5,2003,8,23
2003-08-24,TAVG,GHCND:USW00094728,70,7.0,2003,8,24
2003-08-25,TAVG,GHCND:USW00094728,76,7.6,2003,8,25
2003-08-26,TAVG,GHCND:USW00094728,76,7.6,2003,8,26
2003-08-27,TAVG,GHCND:USW00094728,79,7.9,2003,8,27
2003-08-28,TAVG,GHCND:USW00094728,75,7.5,2003,8,28
2003-08-29,TAVG,GHCND:USW00094728,75,7.5,2003,8,29
2003-08-30,TAVG,GHCND:USW00094728,77,7.7,2003,8,30
2003-08-31,TAVG,GHCND:USW00094728,68,6.8,2003,8,31
2003-09-01,TAVG,GHCND:USW00094728,66,6.6,2003,9,1
2003-09-02,TAVG,GHCND:USW00094728,61,6.1,2003,9,2
2003-09-03,TAVG,GHCND:USW00094728,65,6.5,2003,9,3
2003-09-04,TAVG,GHCND:USW00094728,72,7.2,2003,9,4
2003-09-05,TAVG,GHCND:USW00094728,71,7.1,2003,9,5
2003-09-06,TAVG,GHCND:USW00094728,68,6.8,2003,9,6
2003-09-07,TAVG,GHCND:USW00094728,71,7.1,2003,9,7
2003-09-08,TAVG,GHCND:USW00094728,71,7.1,2003,9,8
2003-09-09,TAVG,GHCND:USW00094728,68,6.8,2003,9,9
2003-09-10,TAVG,GHCND:USW00094728,67,6.7,2003,9,10
2003-09-11,TAVG,GHCND:USW00094728,71,7.1,2003,9,11
2003-09-12,TAVG,GHCND:USW00094728,67,6.7,2003,9,12
2003-09-13,TAVG,GHCND:USW00094728,67,6.7,2003,9,13
2003-09-14,TAVG,GHCND:USW00094728,75,7.5,2003,9,14
2003-09-15,TAVG,GHCND:USW00094728,73,7.3,2003,9,15
2003-09-16,TAVG,GHCND:USW00094728,71,7.1,2003,9,16
2003-09-17,TAVG,GHCND:USW00094728,69,6.9,2003,9,17
2003-09-18,TAVG,GHCND:USW00094728,68,6.8,2003,9,18
2003-09-19,TAVG,GHCND:USW00094728,74,7.4,2003,9,19
2003-09-20,TAVG,GHCND:USW00094728,74,7.4,2003,9,20
2003-09-21,TAVG,GHCND:USW00094728,68,6.8,2003,9,21
2003-09-22,TAVG,GHCND:USW00094728,68,6.8,2003,9,22
2003-09-23,TAVG,GHCND:USW00094728,67,6.7,2003,9,23
2003-09-24,TAVG,GHCND:USW00094728,65,6.5,2003,9,24
2003-09-25,TAVG,GHCND:USW00094728,70,7.0,2003,9,25
2003-09-26,TAVG,GHCND:USW00094728,66,6.6,2003,9,26
2003-09-27,TAVG,GHCND:USW00094728,72,7.2,2003,9,27
2003-09-28,TAVG,GHCND:USW00094728,65,6.5,2003,9,28
2003-09-29,TAVG,GHCND:USW00094728,59,5.9,2003,9,29
2003-09-30,TAVG,GHCND:USW00094728,57,5.7,2003,9,30
2003-10-01,TAVG,GHCND:USW00094728,57,5.7,2003,10,1
2003-10-02,TAVG,GHCND:USW00094728,52,5.2,2003,10,2
2003-10-03,TAVG,GHCND:USW00094728,49,4.9,2003,10,3
2003-10-04,TAVG,GHCND:USW00094728,54,5.4,2003,10,4
2003-10-05,TAVG,GHCND:USW00094728,53,5.3,2003,10,5
2003-10-06,TAVG,GHCND:USW00094728,52,5.2,2003,10,6
2003-10-07,TAVG,GHCND:USW00094728,55,5.5,2003,10,7
2003-10-08,TAVG,GHCND:USW00094728,63,6.3,2003,10,8
2003-10-09,TAVG,GHCND:USW00094728,68,6.8,2003,10,9
2003-10-10,TAVG,GHCND:USW00094728,61,6.1,2003,10,10
2003-10-11,TAVG,GHCND:USW00094728,63,6.3,2003,10,11
2003-10-12,TAVG,GHCND:USW00094728,64,6.4,2003,10,12
2003-10-13,TAVG,GHCND:USW00094728,64,6.4,2003,10,13
2003-10-14,TAVG,GHCND:USW00094728,61,6.1,2003,10,14
2003-10-15,TAVG,GHCND:USW00094728,57,5.7,2003,10,15
2003-10-16,TAVG,GHCND:USW00094728,57,5.7,2003,10,16
2003-10-17,TAVG,GHCND:USW00094728,52,5.2,2003,10,17
2003-10-18,TAVG,GHCND:USW00094728,50,5.0,2003,10,18
2003-10-19,TAVG,GHCND:USW00094728,50,5.0,2003,10,19
2003-10-20,TAVG,GHCND:USW00094728,49,4.9,2003,10,20
2003-10-21,TAVG,GHCND:USW00094728,63,6.3,2003,10,21
2003-10-22,TAVG,GHCND:USW00094728,48,4.8,2003,10,22
2003-10-23,TAVG,GHCND:USW00094728,42,4.2,2003,10,23
2003-10-24,TAVG,GHCND:USW00094728,44,4.4,2003,10,24
2003-10-25,TAVG,GHCND:USW00094728,51,5.1,2003,10,25
2003-10-26,TAVG,GHCND:USW00094728,64,6.4,2003,10,26
2003-10-27,TAVG,GHCND:USW00094728,58,5.8,2003,10,27
2003-10-28,TAVG,GHCND:USW00094728,53,5.3,2003,10,28
2003-10-29,TAVG,GHCND:USW00094728,54,5.4,2003,10,29
2003-10-30,TAVG,GHCND:USW00094728,52,5.2,2003,10,30
2003-10-31,TAVG,GHCND:USW00094728,59,5.9,2003,10,31
2003-11-01,TAVG,GHCND:USW00094728,67,6.7,2003,11,1
2003-11-02,TAVG,GHCND:USW00094728,63,6.3,2003,11,2
2003-11-03,TAVG,GHCND:USW00094728,70,7.0,2003,11,3
2003-11-05,TAVG,GHCND:USW00094728,55,5.5,2003,11,5
2003-11-06,TAVG,GHCND:USW00094728,55,5.5,2003,11,6
2003-11-07,TAVG,GHCND:USW00094728,52,5.2,2003,11,7
2003-11-08,TAVG,GHCND:USW00094728,42,4.2,2003,11,8
2003-11-09,TAVG,GHCND:USW00094728,36,3.6,2003,11,9
2003-11-10,TAVG,GHCND:USW00094728,40,4.0,2003,11,10
2003-11-11,TAVG,GHCND:USW00094728,47,4.7,2003,11,11
2003-11-12,TAVG,GHCND:USW00094728,54,5.4,2003,11,12
2003-11-13,TAVG,GHCND:USW00094728,49,4.9,2003,11,13
2003-11-14,TAVG,GHCND:USW00094728,40,4.0,2003,11,14
2003-11-15,TAVG,GHCND:USW00094728,43,4.3,2003,11,15
2003-11-16,TAVG,GHCND:USW00094728,45,4.5,2003,11,16
2003-11-17,TAVG,GHCND:USW00094728,48,4.8,2003,11,17
2003-11-18,TAVG,GHCND:USW00094728,50,5.0,2003,11,18
2003-11-19,TAVG,GHCND:USW00094728,59,5.9,2003,11,19
2003-11-20,TAVG,GHCND:USW00094728,50,5.0,2003,11,20
2003-11-21,TAVG,GHCND:USW00094728,54,5.4,2003,11,21
2003-11-22,TAVG,GHCND:USW00094728,54,5.4,2003,11,22
2003-11-23,TAVG,GHCND:USW00094728,49,4.9,2003,11,23
2003-11-24,TAVG,GHCND:USW00094728,51,5.1,2003,11,24
2003-11-25,TAVG,GHCND:USW00094728,40,4.0,2003,11,25
2003-11-26,TAVG,GHCND:USW00094728,42,4.2,2003,11,26
2003-11-27,TAVG,GHCND:USW00094728,48,4.8,2003,11,27
2003-11-28,TAVG,GHCND:USW00094728,56,5.6,2003,11,28
2003-11-29,TAVG,GHCND:USW00094728,45,4.5,2003,11,29
2003-11-30,TAVG,GHCND:USW00094728,43,4.3,2003,11,30
2003-12-01,TAVG,GHCND:USW00094728,43,4.3,2003,12,1
2003-12-02,TAVG,GHCND:USW00094728,30,3.0,2003,12,2
2003-12-03,TAVG,GHCND:USW00094728,26,2.6,2003,12,3
2003-12-04,TAVG,GHCND:USW00094728,34,3.4,2003,12,4
2003-12-05,TAVG,GHCND:USW00094728,31,3.1,2003,12,5
2003-12-06,TAVG,GHCND:USW00094728,26,2.6,2003,12,6
2003-12-07,TAVG,GHCND:USW00094728,26,2.6,2003,12,7
2003-12-08,TAVG,GHCND:USW00094728,30,3.0,2003,12,8
2003-12-09,TAVG,GHCND:USW00094728,34,3.4,2003,12,9
2003-12-10,TAVG,GHCND:USW00094728,44,4.4,2003,12,10
2003-12-11,TAVG,GHCND:USW00094728,49,4.9,2003,12,11
2003-12-12,TAVG,GHCND:USW00094728,38,3.8,2003,12,12
2003-12-13,TAVG,GHCND:USW00094728,32,3.2,2003,12,13
2003-12-14,TAVG,GHCND:USW00094728,34,3.4,2003,12,14
2003-12-15,TAVG,GHCND:USW00094728,35,3.5,2003,12,15
2003-12-16,TAVG,GHCND:USW00094728,40,4.0,2003,12,16
2003-12-17,TAVG,GHCND:USW00094728,45,4.5,2003,12,17
2003-12-18,TAVG,GHCND:USW00094728,34,3.4,2003,12,18
2003-12-19,TAVG,GHCND:USW00094728,33,3.3,2003,12,19
2003-12-20,TAVG,GHCND:USW00094728,33,3.3,2003,12,20
2003-12-21,TAVG,GHCND:USW00094728,32,3.2,2003,12,21
2003-12-22,TAVG,GHCND:USW00094728,44,4.4,2003,12,22
2003-12-23,TAVG,GHCND:USW00094728,50,5.0,2003,12,23
2003-12-24,TAVG,GHCND:USW00094728,51,5.1,2003,12,24
2003-12-25,TAVG,GHCND:USW00094728,40,4.0,2003,12,25
2003-12-26,TAVG,GHCND:USW00094728,37,3.7,2003,12,26
2003-12-27,TAVG,GHCND:USW00094728,45,4.5,2003,12,27
2003-12-28,TAVG,GHCND:USW00094728,42,4.2,2003,12,28
2003-12-29,TAVG,GHCND:USW00094728,46,4.6,2003,12,29
2003-12-30,TAVG,GHCND:USW00094728,46,4.6,2003,12,30
2003-12-31,TAVG,GHCND:USW00094728,42,4.2,2003,12,31
2004-01-01,TAVG,GHCND:USW00094728,42,4.2,2004,1,1
2004-01-02,TAVG,GHCND:USW00094728,43,4.3,2004,1,2
2004-01-03,TAVG,GHCND:USW00094728,51,5.1,2004,1,3
2004-01-04,TAVG,GHCND:USW00094728,48,4.8,2004,1,4
2004-01-05,TAVG,GHCND:USW00094728,38,3.8,2004,1,5
2004-01-06,TAVG,GHCND:USW00094728,31,3.1,2004,1,6
2004-01-07,TAVG,GHCND:USW00094728,22,2.2,2004,1,7
2004-01-08,TAVG,GHCND:USW00094728,26,2.6,2004,1,8
2004-01-09,TAVG,GHCND:USW00094728,18,1.8,2004,1,9
2004-01-10,TAVG,GHCND:USW00094728,8,0.8,2004,1,10
2004-01-11,TAVG,GHCND:USW00094728,17,1.7,2004,1,11
2004-01-12,TAVG,GHCND:USW00094728,31,3.1,2004,1,12
2004-01-13,TAVG,GHCND:USW00094728,31,3.1,2004,1,13
2004-01-14,TAVG,GHCND:USW00094728,13,1.3,2004,1,14
2004-01-15,TAVG,GHCND:USW00094728,10,1.0,2004,1,15
2004-01-16,TAVG,GHCND:USW00094728,13,1.3,2004,1,16
2004-01-17,TAVG,GHCND:USW00094728,27,2.7,2004,1,17
2004-01-18,TAVG,GHCND:USW00094728,30,3.0,2004,1,18
2004-01-19,TAVG,GHCND:USW00094728,24,2.4,2004,1,19
2004-01-20,TAVG,GHCND:USW00094728,23,2.3,2004,1,20
2004-01-21,TAVG,GHCND:USW00094728,22,2.2,2004,1,21
2004-01-22,TAVG,GHCND:USW00094728,30,3.0,2004,1,22
2004-01-23,TAVG,GHCND:USW00094728,17,1.7,2004,1,23
2004-01-24,TAVG,GHCND:USW00094728,16,1.6,2004,1,24
2004-01-25,TAVG,GHCND:USW00094728,13,1.3,2004,1,25
2004-01-26,TAVG,GHCND:USW00094728,19,1.9,2004,1,26
2004-01-27,TAVG,GHCND:USW00094728,21,2.1,2004,1,27
2004-01-28,TAVG,GHCND:USW00094728,25,2.5,2004,1,28
2004-01-29,TAVG,GHCND:USW00094728,23,2.3,2004,1,29
2004-01-30,TAVG,GHCND:USW00094728,20,2.0,2004,1,30
2004-01-31,TAVG,GHCND:USW00094728,22,2.2,2004,1,31
2004-02-01,TAVG,GHCND:USW00094728,28,2.8,2004,2,1
2004-02-02,TAVG,GHCND:USW00094728,31,3.1,2004,2,2
2004-02-03,TAVG,GHCND:USW00094728,34,3.4,2004,2,3
2004-02-04,TAVG,GHCND:USW00094728,38,3.8,2004,2,4
2004-02-05,TAVG,GHCND:USW00094728,30,3.0,2004,2,5
2004-02-06,TAVG,GHCND:USW00094728,33,3.3,2004,2,6
2004-02-07,TAVG,GHCND:USW00094728,35,3.5,2004,2,7
2004-02-08,TAVG,GHCND:USW00094728,25,2.5,2004,2,8
2004-02-09,TAVG,GHCND:USW00094728,35,3.5,2004,2,9
2004-02-10,TAVG,GHCND:USW00094728,43,4.3,2004,2,10
2004-02-11,TAVG,GHCND:USW00094728,36,3.6,2004,2,11
2004-02-12,TAVG,GHCND:USW00094728,33,3.3,2004,2,12
2004-02-13,TAVG,GHCND:USW00094728,38,3.8,2004,2,13
2004-02-14,TAVG,GHCND:USW00094728,37,3.7,2004,2,14
2004-02-15,TAVG,GHCND:USW00094728,26,2.6,2004,2,15
2004-02-16,TAVG,GHCND:USW00094728,24,2.4,2004,2,16
2004-02-17,TAVG,GHCND:USW00094728,28,2.8,2004,2,17
2004-02-18,TAVG,GHCND:USW00094728,36,3.6,2004,2,18
2004-02-19,TAVG,GHCND:USW00094728,38,3.8,2004,2,19
2004-02-20,TAVG,GHCND:USW00094728,38,3.8,2004,2,20
2004-02-21,TAVG,GHCND:USW00094728,44,4.4,2004,2,21
2004-02-22,TAVG,GHCND:USW00094728,38,3.8,2004,2,22
2004-02-23,TAVG,GHCND:USW00094728,39,3.9,2004,2,23
2004-02-24,TAVG,GHCND:USW00094728,35,3.5,2004,2,24
2004-02-25,TAVG,GHCND:USW00094728,33,3.3,2004,2,25
2004-02-26,TAVG,GHCND:USW00094728,36,3.6,2004,2,26
2004-02-27,TAVG,GHCND:USW00094728,37,3.7,2004,2,27
2004-02-28,TAVG,GHCND:USW00094728,44,4.4,2004,2,28
2004-02-29,TAVG,GHCND:USW00094728,51,5.1,2004,2,29
2004-03-01,TAVG,GHCND:USW00094728,54,5.4,2004,3,1
2004-03-02,TAVG,GHCND:USW00094728,55,5.5,2004,3,2
2004-03-03,TAVG,GHCND:USW00094728,53,5.3,2004,3,3
2004-03-04,TAVG,GHCND:USW00094728,49,4.9,2004,3,4
2004-03-05,TAVG,GHCND:USW00094728,47,4.7,2004,3,5
2004-03-06,TAVG,GHCND:USW00094728,54,5.4,2004,3,6
2004-03-07,TAVG,GHCND:USW00094728,47,4.7,2004,3,7
2004-03-08,TAVG,GHCND:USW00094728,38,3.8,2004,3,8
2004-03-09,TAVG,GHCND:USW00094728,38,3.8,2004,3,9
2004-03-10,TAVG,GHCND:USW00094728,40,4.0,2004,3,10
2004-03-11,TAVG,GHCND:USW00094728,46,4.6,2004,3,11
2004-03-12,TAVG,GHCND:USW00094728,42,4.2,2004,3,12
2004-03-13,TAVG,GHCND:USW00094728,37,3.7,2004,3,13
2004-03-14,TAVG,GHCND:USW00094728,36,3.6,2004,3,14
2004-03-16,TAVG,GHCND:USW00094728,36,3.6,2004,3,16
2004-03-17,TAVG,GHCND:USW00094728,29,2.9,2004,3,17
2004-03-18,TAVG,GHCND:USW00094728,34,3.4,2004,3,18
2004-03-19,TAVG,GHCND:USW00094728,37,3.7,2004,3,19
2004-03-20,TAVG,GHCND:USW00094728,40,4.0,2004,3,20
2004-03-21,TAVG,GHCND:USW00094728,40,4.0,2004,3,21
2004-03-22,TAVG,GHCND:USW00094728,30,3.0,2004,3,22
2004-03-23,TAVG,GHCND:USW00094728,35,3.5,2004,3,23
2004-03-24,TAVG,GHCND:USW00094728,49,4.9,2004,3,24
2004-03-25,TAVG,GHCND:USW00094728,48,4.8,2004,3,25
2004-03-26,TAVG,GHCND:USW00094728,55,5.5,2004,3,26
2004-03-27,TAVG,GHCND:USW00094728,61,6.1,2004,3,27
2004-03-28,TAVG,GHCND:USW00094728,50,5.0,2004,3,28
2004-03-29,TAVG,GHCND:USW00094728,44,4.4,2004,3,29
2004-03-30,TAVG,GHCND:USW00094728,39,3.9,2004,3,30
2004-03-31,TAVG,GHCND:USW00094728,43,4.3,2004,3,31
2004-04-01,TAVG,GHCND:USW00094728,47,4.7,2004,4,1
2004-04-02,TAVG,GHCND:USW00094728,45,4.5,2004,4,2
2004-04-03,TAVG,GHCND:USW00094728,46,4.6,2004,4,3
2004-04-04,TAVG,GHCND:USW00094728,42,4.2,2004,4,4
2004-04-05,TAVG,GHCND:USW00094728,36,3.6,2004,4,5
2004-04-06,TAVG,GHCND:USW00094728,43,4.3,2004,4,6
2004-04-07,TAVG,GHCND:USW00094728,56,5.6,2004,4,7
2004-04-08,TAVG,GHCND:USW00094728,50,5.0,2004,4,8
2004-04-09,TAVG,GHCND:USW00094728,54,5.4,2004,4,9
2004-04-10,TAVG,GHCND:USW00094728,53,5.3,2004,4,10
2004-04-11,TAVG,GHCND:USW00094728,49,4.9,2004,4,11
2004-04-12,TAVG,GHCND:USW00094728,48,4.8,2004,4,12
2004-04-13,TAVG,GHCND:USW00094728,49,4.9,2004,4,13
2004-04-14,TAVG,GHCND:USW00094728,52,5.2,2004,4,14
2004-04-15,TAVG,GHCND:USW00094728,51,5.1,2004,4,15
2004-04-16,TAVG,GHCND:USW00094728,53,5.3,2004,4,16
2004-04-17,TAVG,GHCND:USW00094728,63,6.3,2004,4,17
2004-04-18,TAVG,GHCND:USW00094728,62,6.2,2004,4,18
2004-04-19,TAVG,GHCND:USW00094728,67,6.7,2004,4,19
2004-04-20,TAVG,GHCND:USW00094728,66,6.6,2004,4,20
2004-04-21,TAVG,GHCND:USW00094728,56,5.6,2004,4,21
2004-04-22,TAVG,GHCND:USW00094728,67,6.7,2004,4,22
2004-04-23,TAVG,GHCND:USW00094728,57,5.7,2004,4,23
2004-04-24,TAVG,GHCND:USW00094728,58,5.8,2004,4,24
2004-04-25,TAVG,GHCND:USW00094728,51,5.1,2004,4,25
2004-04-26,TAVG,GHCND:USW00094728,52,5.2,2004,4,26
2004-04-27,TAVG,GHCND:USW00094728,60,6.0,2004,4,27
2004-04-28,TAVG,GHCND:USW00094728,50,5.0,2004,4,28
2004-04-29,TAVG,GHCND:USW00094728,65,6.5,2004,4,29
2004-04-30,TAVG,GHCND:USW00094728,66,6.6,2004,4,30
2004-05-01,TAVG,GHCND:USW00094728,67,6.7,2004,5,1
2004-05-02,TAVG,GHCND:USW00094728,64,6.4,2004,5,2
2004-05-03,TAVG,GHCND:USW00094728,55,5.5,2004,5,3
2004-05-04,TAVG,GHCND:USW00094728,52,5.2,2004,5,4
2004-05-05,TAVG,GHCND:USW00094728,57,5.7,2004,5,5
2004-05-06,TAVG,GHCND:USW00094728,60,6.0,2004,5,6
2004-05-07,TAVG,GHCND:USW00094728,69,6.9,2004,5,7
2004-05-08,TAVG,GHCND:USW00094728,55,5.5,2004,5,8
2004-05-09,TAVG,GHCND:USW00094728,59,5.9,2004,5,9
2004-05-10,TAVG,GHCND:USW00094728,63,6.3,2004,5,10
2004-05-11,TAVG,GHCND:USW00094728,74,7.4,2004,5,11
2004-05-12,TAVG,GHCND:USW00094728,76,7.6,2004,5,12
2004-05-13,TAVG,GHCND:USW00094728,73,7.3,2004,5,13
2004-05-14,TAVG,GHCND:USW00094728,63,6.3,2004,5,14
2004-05-15,TAVG,GHCND:USW00094728,74,7.4,2004,5,15
2004-05-16,TAVG,GHCND:USW00094728,71,7.1,2004,5,16
2004-05-17,TAVG,GHCND:USW00094728,64,6.4,2004,5,17
2004-05-18,TAVG,GHCND:USW00094728,72,7.2,2004,5,18
2004-05-19,TAVG,GHCND:USW00094728,66,6.6,2004,5,19
2004-05-20,TAVG,GHCND:USW00094728,65,6.5,2004,5,20
2004-05-21,TAVG,GHCND:USW00094728,71,7.1,2004,5,21
2004-05-22,TAVG,GHCND:USW00094728,74,7.4,2004,5,22
2004-05-23,TAVG,GHCND:USW00094728,74,7.4,2004,5,23
2004-05-24,TAVG,GHCND:USW00094728,67,6.7,2004,5,24
2004-05-25,TAVG,GHCND:USW00094728,66,6.6,2004,5,25
2004-05-26,TAVG,GHCND:USW00094728,59,5.9,2004,5,26
2004-05-27,TAVG,GHCND:USW00094728,66,6.6,2004,5,27
2004-05-28,TAVG,GHCND:USW00094728,70,7.0,2004,5,28
2004-05-29,TAVG,GHCND:USW00094728,60,6.0,2004,5,29
2004-05-30,TAVG,GHCND:USW00094728,62,6.2,2004,5,30
2004-05-31,TAVG,GHCND:USW00094728,61,6.1,2004,5,31
2004-06-01,TAVG,GHCND:USW00094728,62,6.2,2004,6,1
2004-06-02,TAVG,GHCND:USW00094728,69,6.9,2004,6,2
2004-06-03,TAVG,GHCND:USW00094728,68,6.8,2004,6,3
2004-06-04,TAVG,GHCND:USW00094728,67,6.7,2004,6,4
2004-06-05,TAVG,GHCND:USW00094728,63,6.3,2004,6,5
2004-06-06,TAVG,GHCND:USW00094728,58,5.8,2004,6,6
2004-06-07,TAVG,GHCND:USW00094728,70,7.0,2004,6,7
2004-06-08,TAVG,GHCND:USW00094728,77,7.7,2004,6,8
2004-06-09,TAVG,GHCND:USW00094728,81,8.1,2004,6,9
2004-06-10,TAVG,GHCND:USW00094728,73,7.3,2004,6,10
2004-06-11,TAVG,GHCND:USW00094728,67,6.7,2004,6,11
2004-06-12,TAVG,GHCND:USW00094728,67,6.7,2004,6,12
2004-06-13,TAVG,GHCND:USW00094728,69,6.9,2004,6,13
2004-06-14,TAVG,GHCND:USW00094728,73,7.3,2004,6,14
2004-06-15,TAVG,GHCND:USW00094728,80,8.0,2004,6,15
2004-06-16,TAVG,GHCND:USW00094728,81,8.1,2004,6,16
2004-06-17,TAVG,GHCND:USW00094728,80,8.0,2004,6,17
2004-06-18,TAVG,GHCND:USW00094728,80,8.0,2004,6,18
2004-06-19,TAVG,GHCND:USW00094728,73,7.3,2004,6,19
2004-06-20,TAVG,GHCND:USW00094728,65,6.5,2004,6,20
2004-06-21,TAVG,GHCND:USW00094728,70,7.0,2004,6,21
2004-06-22,TAVG,GHCND:USW00094728,71,7.1,2004,6,22
2004-06-23,TAVG,GHCND:USW00094728,76,7.6,2004,6,23
2004-06-24,TAVG,GHCND:USW00094728,74,7.4,2004,6,24
2004-06-25,TAVG,GHCND:USW00094728,73,7.3,2004,6,25
2004-06-26,TAVG,GHCND:USW00094728,72,7.2,2004,6,26
2004-06-27,TAVG,GHCND:USW00094728,69,6.9,2004,6,27
2004-06-28,TAVG,GHCND:USW00094728,71,7.1,2004,6,28
2004-06-29,TAVG,GHCND:USW00094728,69,6.9,2004,6,29
2004-06-30,TAVG,GHCND:USW00094728,74,7.4,2004,6,30
2004-07-01,TAVG,GHCND:USW00094728,75,7.5,2004,7,1
2004-07-02,TAVG,GHCND:USW00094728,79,7.9,2004,7,2
2004-07-03,TAVG,GHCND:USW00094728,75,7.5,2004,7,3
2004-07-04,TAVG,GHCND:USW00094728,76,7.6,2004,7,4
2004-07-05,TAVG,GHCND:USW00094728,78,7.8,2004,7,5
2004-07-06,TAVG,GHCND:USW00094728,75,7.5,2004,7,6
2004-07-07,TAVG,GHCND:USW00094728,76,7.6,2004,7,7
2004-07-08,TAVG,GHCND:USW00094728,80,8.0,2004,7,8
2004-07-09,TAVG,GHCND:USW00094728,73,7.3,2004,7,9
2004-07-10,TAVG,GHCND:USW00094728,75,7.5,2004,7,10
2004-07-11,TAVG,GHCND:USW00094728,78,7.8,2004,7,11
2004-07-12,TAVG,GHCND:USW00094728,69,6.9,2004,7,12
2004-07-13,TAVG,GHCND:USW00094728,66,6.6,2004,7,13
2004-07-14,TAVG,GHCND:USW00094728,73,7.3,2004,7,14
2004-07-15,TAVG,GHCND:USW00094728,73,7.3,2004,7,15
2004-07-16,TAVG,GHCND:USW00094728,72,7.2,2004,7,16
2004-07-17,TAVG,GHCND:USW00094728,77,7.7,2004,7,17
2004-07-18,TAVG,GHCND:USW00094728,73,7.3,2004,7,18
2004-07-19,TAVG,GHCND:USW00094728,74,7.4,2004,7,19
2004-07-20,TAVG,GHCND:USW00094728,77,7.7,2004,7,20
2004-07-21,TAVG,GHCND:USW00094728,79,7.9,2004,7,21
2004-07-22,TAVG,GHCND:USW00094728,79,7.9,2004,7,22
2004-07-23,TAVG,GHCND:USW00094728,75,7.5,2004,7,23
2004-07-24,TAVG,GHCND:USW00094728,70,7.0,2004,7,24
2004-07-25,TAVG,GHCND:USW00094728,71,7.1,2004,7,25
2004-07-26,TAVG,GHCND:USW00094728,72,7.2,2004,7,26
2004-07-27,TAVG,GHCND:USW00094728,70,7.0,2004,7,27
2004-07-28,TAVG,GHCND:USW00094728,71,7.1,2004,7,28
2004-07-29,TAVG,GHCND:USW00094728,75,7.5,2004,7,29
2004-07-30,TAVG,GHCND:USW00094728,78,7.8,2004,7,30
2004-07-31,TAVG,GHCND:USW00094728,80,8.0,2004,7,31
2004-08-01,TAVG,GHCND:USW00094728,78,7.8,2004,8,1
2004-08-02,TAVG,GHCND:USW00094728,81,8.1,2004,8,2
2004-08-03,TAVG,GHCND:USW00094728,79,7.9,2004,8,3
2004-08-04,TAVG,GHCND:USW00094728,80,8.0,2004,8,4
2004-08-05,TAVG,GHCND:USW00094728,72,7.2,2004,8,5
2004-08-06,TAVG,GHCND:USW00094728,68,6.8,2004,8,6
2004-08-07,TAVG,GHCND:USW00094728,65,6.5,2004,8,7
2004-08-08,TAVG,GHCND:USW00094728,68,6.8,2004,8,8
2004-08-09,TAVG,GHCND:USW00094728,75,7.5,2004,8,9
2004-08-12,TAVG,GHCND:USW00094728,76,7.6,2004,8,12
2004-08-13,TAVG,GHCND:USW00094728,75,7.5,2004,8,13
2004-08-14,TAVG,GHCND:USW00094728,73,7.3,2004,8,14
2004-08-15,TAVG,GHCND:USW00094728,71,7.1,2004,8,15
2004-08-16,TAVG,GHCND:USW00094728,68,6.8,2004,8,16
2004-08-17,TAVG,GHCND:USW00094728,70,7.0,2004,8,17
2004-08-18,TAVG,GHCND:USW00094728,73,7.3,2004,8,18
2004-08-19,TAVG,GHCND:USW00094728,78,7.8,2004,8,19
2004-08-20,TAVG,GHCND:USW00094728,83,8.3,2004,8,20
2004-08-21,TAVG,GHCND:USW00094728,74,7.4,2004,8,21
2004-08-22,TAVG,GHCND:USW00094728,68,6.8,2004,8,22
2004-08-23,TAVG,GHCND:USW00094728,73,7.3,2004,8,23
2004-08-24,TAVG,GHCND:USW00094728,72,7.2,2004,8,24
2004-08-25,TAVG,GHCND:USW00094728,71,7.1,2004,8,25
2004-08-26,TAVG,GHCND:USW00094728,71,7.1,2004,8,26
2004-08-27,TAVG,GHCND:USW00094728,77,7.7,2004,8,27
2004-08-28,TAVG,GHCND:USW00094728,81,8.1,2004,8,28
2004-08-29,TAVG,GHCND:USW00094728,81,8.1,2004,8,29
2004-08-30,TAVG,GHCND:USW00094728,80,8.0,2004,8,30
2004-08-31,TAVG,GHCND:USW00094728,77,7.7,2004,8,31
2004-09-01,TAVG,GHCND:USW00094728,73,7.3,2004,9,1
2004-09-02,TAVG,GHCND:USW00094728,73,7.3,2004,9,2
2004-09-03,TAVG,GHCND:USW00094728,73,7.3,2004,9,3
2004-09-04,TAVG,GHCND:USW00094728,78,7.8,2004,9,4
2004-09-05,TAVG,GHCND:USW00094728,70,7.0,2004,9,5
2004-09-06,TAVG,GHCND:USW00094728,68,6.8,2004,9,6
2004-09-07,TAVG,GHCND:USW00094728,74,7.4,2004,9,7
2004-09-08,TAVG,GHCND:USW00094728,71,7.1,2004,9,8
2004-09-09,TAVG,GHCND:USW00094728,75,7.5,2004,9,9
2004-09-10,TAVG,GHCND:USW00094728,72,7.2,2004,9,10
2004-09-11,TAVG,GHCND:USW00094728,67,6.7,2004,9,11
2004-09-12,TAVG,GHCND:USW00094728,69,6.9,2004,9,12
2004-09-13,TAVG,GHCND:USW00094728,75,7.5,2004,9,13
2004-09-14,TAVG,GHCND:USW00094728,68,6.8,2004,9,14
2004-09-15,TAVG,GHCND:USW00094728,67,6.7,2004,9,15
2004-09-16,TAVG,GHCND:USW00094728,72,7.2,2004,9,16
2004-09-17,TAVG,GHCND:USW00094728,73,7.3,2004,9,17
2004-09-18,TAVG,GHCND:USW00094728,66,6.6,2004,9,18
2004-09-19,TAVG,GHCND:USW00094728,59,5.9,2004,9,19
2004-09-20,TAVG,GHCND:USW00094728,61,6.1,2004,9,20
2004-09-21,TAVG,GHCND:USW00094728,69,6.9,2004,9,21
2004-09-22,TAVG,GHCND:USW00094728,71,7.1,2004,9,22
2004-09-23,TAVG,GHCND:USW00094728,74,7.4,2004,9,23
2004-09-24,TAVG,GHCND:USW00094728,70,7.0,2004,9,24
2004-09-25,TAVG,GHCND:USW00094728,68,6.8,2004,9,25
2004-09-26,TAVG,GHCND:USW00094728,72,7.2,2004,9,26
2004-09-27,TAVG,GHCND:USW00094728,69,6.9,2004,9,27
2004-09-28,TAVG,GHCND:USW00094728,68,6.8,2004,9,28
2004-09-29,TAVG,GHCND:USW00094728,62,6.2,2004,9,29
2004-09-30,TAVG,GHCND:USW00094728,62,6.2,2004,9,30
2004-10-01,TAVG,GHCND:USW00094728,63,6.3,2004,10,1
2004-10-02,TAVG,GHCND:USW00094728,64,6.4,2004,10,2
2004-10-03,TAVG,GHCND:USW00094728,61,6.1,2004,10,3
2004-10-04,TAVG,GHCND:USW00094728,62,6.2,2004,10,4
2004-10-05,TAVG,GHCND:USW00094728,54,5.4,2004,10,5
2004-10-06,TAVG,GHCND:USW00094728,55,5.5,2004,10,6
2004-10-07,TAVG,GHCND:USW00094728,63,6.3,2004,10,7
2004-10-08,TAVG,GHCND:USW00094728,66,6.6,2004,10,8
2004-10-09,TAVG,GHCND:USW00094728,66,6.6,2004,10,9
2004-10-10,TAVG,GHCND:USW00094728,58,5.8,2004,10,10
2004-10-11,TAVG,GHCND:USW00094728,54,5.4,2004,10,11
2004-10-12,TAVG,GHCND:USW00094728,55,5.5,2004,10,12
2004-10-13,TAVG,GHCND:USW00094728,58,5.8,2004,10,13
2004-10-14,TAVG,GHCND:USW00094728,58,5.8,2004,10,14
2004-10-15,TAVG,GHCND:USW00094728,58,5.8,2004,10,15
2004-10-16,TAVG,GHCND:USW00094728,54,5.4,2004,10,16
2004-10-17,TAVG,GHCND:USW00094728,49,4.9,2004,10,17
2004-10-18,TAVG,GHCND:USW00094728,51,5.1,2004,10,18
2004-10-19,TAVG,GHCND:USW00094728,50,5.0,2004,10,19
2004-10-20,TAVG,GHCND:USW00094728,52,5.2,2004,10,20
2004-10-21,TAVG,GHCND:USW00094728,51,5.1,2004,10,21
2004-10-24,TAVG,GHCND:USW00094728,50,5.0,2004,10,24
2004-10-25,TAVG,GHCND:USW00094728,51,5.1,2004,10,25
2004-10-26,TAVG,GHCND:USW00094728,56,5.6,2004,10,26
2004-10-27,TAVG,GHCND:USW00094728,55,5.5,2004,10,27
2004-10-28,TAVG,GHCND:USW00094728,51,5.1,2004,10,28
2004-10-29,TAVG,GHCND:USW00094728,53,5.3,2004,10,29
2004-10-30,TAVG,GHCND:USW00094728,59,5.9,2004,10,30
2004-10-31,TAVG,GHCND:USW00094728,65,6.5,2004,10,31
2004-11-01,TAVG,GHCND:USW00094728,55,5.5,2004,11,1
2004-11-02,TAVG,GHCND:USW00094728,53,5.3,2004,11,2
2004-11-03,TAVG,GHCND:USW00094728,52,5.2,2004,11,3
2004-11-04,TAVG,GHCND:USW00094728,45,4.5,2004,11,4
2004-11-05,TAVG,GHCND:USW00094728,50,5.0,2004,11,5
2004-11-06,TAVG,GHCND:USW00094728,50,5.0,2004,11,6
2004-11-07,TAVG,GHCND:USW00094728,59,5.9,2004,11,7
2004-11-08,TAVG,GHCND:USW00094728,49,4.9,2004,11,8
2004-11-09,TAVG,GHCND:USW00094728,37,3.7,2004,11,9
2004-11-10,TAVG,GHCND:USW00094728,37,3.7,2004,11,10
2004-11-13,TAVG,GHCND:USW00094728,38,3.8,2004,11,13
2004-11-14,TAVG,GHCND:USW00094728,39,3.9,2004,11,14
2004-11-16,TAVG,GHCND:USW00094728,51,5.1,2004,11,16
2004-11-18,TAVG,GHCND:USW00094728,56,5.6,2004,11,18
2004-11-19,TAVG,GHCND:USW00094728,59,5.9,2004,11,19
2004-11-20,TAVG,GHCND:USW00094728,50,5.0,2004,11,20
2004-11-21,TAVG,GHCND:USW00094728,51,5.1,2004,11,21
2004-11-22,TAVG,GHCND:USW00094728,53,5.3,2004,11,22
2004-11-23,TAVG,GHCND:USW00094728,51,5.1,2004,11,23
2004-11-24,TAVG,GHCND:USW00094728,56,5.6,2004,11,24
2004-11-25,TAVG,GHCND:USW00094728,50,5.0,2004,11,25
2004-11-26,TAVG,GHCND:USW00094728,39,3.9,2004,11,26
2004-11-27,TAVG,GHCND:USW00094728,47,4.7,2004,11,27
2004-11-28,TAVG,GHCND:USW00094728,52,5.2,2004,11,28
2004-11-29,TAVG,GHCND:USW00094728,45,4.5,2004,11,29
2004-11-30,TAVG,GHCND:USW00094728,44,4.4,2004,11,30
2004-12-01,TAVG,GHCND:USW00094728,50,5.0,2004,12,1
2004-12-02,TAVG,GHCND:USW00094728,43,4.3,2004,12,2
2004-12-03,TAVG,GHCND:USW00094728,41,4.1,2004,12,3
2004-12-04,TAVG,GHCND:USW00094728,37,3.7,2004,12,4
2004-12-05,TAVG,GHCND:USW00094728,47,4.7,2004,12,5
2004-12-06,TAVG,GHCND:USW00094728,38,3.8,2004,12,6
2004-12-07,TAVG,GHCND:USW00094728,42,4.2,2004,12,7
2004-12-08,TAVG,GHCND:USW00094728,53,5.3,2004,12,8
2004-12-09,TAVG,GHCND:USW00094728,46,4.6,2004,12,9
2004-12-10,TAVG,GHCND:USW00094728,46,4.6,2004,12,10
2004-12-11,TAVG,GHCND:USW00094728,48,4.8,2004,12,11
2004-12-12,TAVG,GHCND:USW00094728,44,4.4,2004,12,12
2004-12-13,TAVG,GHCND:USW00094728,43,4.3,2004,12,13
2004-12-14,TAVG,GHCND:USW00094728,33,3.3,2004,12,14
2004-12-15,TAVG,GHCND:USW00094728,28,2.8,2004,12,15
2004-12-16,TAVG,GHCND:USW00094728,36,3.6,2004,12,16
2004-12-17,TAVG,GHCND:USW00094728,39,3.9,2004,12,17
2004-12-18,TAVG,GHCND:USW00094728,37,3.7,2004,12,18
2004-12-19,TAVG,GHCND:USW00094728,34,3.4,2004,12,19
2004-12-20,TAVG,GHCND:USW00094728,16,1.6,2004,12,20
2004-12-21,TAVG,GHCND:USW00094728,25,2.5,2004,12,21
2004-12-22,TAVG,GHCND:USW00094728,44,4.4,2004,12,22
2004-12-23,TAVG,GHCND:USW00094728,50,5.0,2004,12,23
2004-12-24,TAVG,GHCND:USW00094728,36,3.6,2004,12,24
2004-12-25,TAVG,GHCND:USW00094728,29,2.9,2004,12,25
2004-12-26,TAVG,GHCND:USW00094728,29,2.9,2004,12,26
2004-12-27,TAVG,GHCND:USW00094728,24,2.4,2004,12,27
2004-12-28,TAVG,GHCND:USW00094728,25,2.5,2004,12,28
2004-12-29,TAVG,GHCND:USW00094728,39,3.9,2004,12,29
2004-12-30,TAVG,GHCND:USW00094728,44,4.4,2004,12,30
2004-12-31,TAVG,GHCND:USW00094728,49,4.9,2004,12,31
2005-01-01,TAVG,GHCND:USW00094728,50,5.0,2005,1,1
2005-01-02,TAVG,GHCND:USW00094728,44,4.4,2005,1,2
2005-01-03,TAVG,GHCND:USW00094728,54,5.4,2005,1,3
2005-01-04,TAVG,GHCND:USW00094728,49,4.9,2005,1,4
2005-01-05,TAVG,GHCND:USW00094728,41,4.1,2005,1,5
2005-01-06,TAVG,GHCND:USW00094728,38,3.8,2005,1,6
2005-01-07,TAVG,GHCND:USW00094728,39,3.9,2005,1,7
2005-01-08,TAVG,GHCND:USW00094728,38,3.8,2005,1,8
2005-01-09,TAVG,GHCND:USW00094728,37,3.7,2005,1,9
2005-01-10,TAVG,GHCND:USW00094728,44,4.4,2005,1,10
2005-01-11,TAVG,GHCND:USW00094728,38,3.8,2005,1,11
2005-01-12,TAVG,GHCND:USW00094728,37,3.7,2005,1,12
2005-01-13,TAVG,GHCND:USW00094728,49,4.9,2005,1,13
2005-01-14,TAVG,GHCND:USW00094728,50,5.0,2005,1,14
2005-01-15,TAVG,GHCND:USW00094728,30,3.0,2005,1,15
2005-01-16,TAVG,GHCND:USW00094728,29,2.9,2005,1,16
2005-01-17,TAVG,GHCND:USW00094728,23,2.3,2005,1,17
2005-01-18,TAVG,GHCND:USW00094728,14,1.4,2005,1,18
2005-01-19,TAVG,GHCND:USW00094728,18,1.8,2005,1,19
2005-01-20,TAVG,GHCND:USW00094728,25,2.5,2005,1,20
2005-01-21,TAVG,GHCND:USW00094728,15,1.5,2005,1,21
2005-01-22,TAVG,GHCND:USW00094728,16,1.6,2005,1,22
2005-01-23,TAVG,GHCND:USW00094728,18,1.8,2005,1,23
2005-01-24,TAVG,GHCND:USW00094728,16,1.6,2005,1,24
2005-01-25,TAVG,GHCND:USW00094728,27,2.7,2005,1,25
2005-01-26,TAVG,GHCND:USW00094728,27,2.7,2005,1,26
2005-01-27,TAVG,GHCND:USW00094728,14,1.4,2005,1,27
2005-01-28,TAVG,GHCND:USW00094728,14,1.4,2005,1,28
2005-01-29,TAVG,GHCND:USW00094728,25,2.5,2005,1,29
2005-01-30,TAVG,GHCND:USW00094728,31,3.1,2005,1,30
2005-01-31,TAVG,GHCND:USW00094728,30,3.0,2005,1,31
2005-02-01,TAVG,GHCND:USW00094728,33,3.3,2005,2,1
2005-02-02,TAVG,GHCND:USW00094728,34,3.4,2005,2,2
2005-02-03,TAVG,GHCND:USW00094728,35,3.5,2005,2,3
2005-02-04,TAVG,GHCND:USW00094728,40,4.0,2005,2,4
2005-02-05,TAVG,GHCND:USW00094728,46,4.6,2005,2,5
2005-02-06,TAVG,GHCND:USW00094728,46,4.6,2005,2,6
2005-02-07,TAVG,GHCND:USW00094728,45,4.5,2005,2,7
2005-02-08,TAVG,GHCND:USW00094728,47,4.7,2005,2,8
2005-02-09,TAVG,GHCND:USW00094728,50,5.0,2005,2,9
2005-02-10,TAVG,GHCND:USW00094728,38,3.8,2005,2,10
2005-02-11,TAVG,GHCND:USW00094728,35,3.5,2005,2,11
2005-02-12,TAVG,GHCND:USW00094728,36,3.6,2005,2,12
2005-02-13,TAVG,GHCND:USW00094728,37,3.7,2005,2,13
2005-02-14,TAVG,GHCND:USW00094728,40,4.0,2005,2,14
2005-02-15,TAVG,GHCND:USW00094728,51,5.1,2005,2,15
2005-02-16,TAVG,GHCND:USW00094728,45,4.5,2005,2,16
2005-02-17,TAVG,GHCND:USW00094728,35,3.5,2005,2,17
2005-02-18,TAVG,GHCND:USW00094728,25,2.5,2005,2,18
2005-02-19,TAVG,GHCND:USW00094728,24,2.4,2005,2,19
2005-02-20,TAVG,GHCND:USW00094728,32,3.2,2005,2,20
2005-02-21,TAVG,GHCND:USW00094728,32,3.2,2005,2,21
2005-02-22,TAVG,GHCND:USW00094728,38,3.8,2005,2,22
2005-02-23,TAVG,GHCND:USW00094728,35,3.5,2005,2,23
2005-02-24,TAVG,GHCND:USW00094728,27,2.7,2005,2,24
2005-02-25,TAVG,GHCND:USW00094728,29,2.9,2005,2,25
2005-02-26,TAVG,GHCND:USW00094728,33,3.3,2005,2,26
2005-02-27,TAVG,GHCND:USW00094728,30,3.0,2005,2,27
2005-02-28,TAVG,GHCND:USW00094728,33,3.3,2005,2,28
2005-03-01,TAVG,GHCND:USW00094728,36,3.6,2005,3,1
2005-03-02,TAVG,GHCND:USW00094728,34,3.4,2005,3,2
2005-03-03,TAVG,GHCND:USW00094728,28,2.8,2005,3,3
2005-03-04,TAVG,GHCND:USW00094728,30,3.0,2005,3,4
2005-03-05,TAVG,GHCND:USW00094728,35,3.5,2005,3,5
2005-03-06,TAVG,GHCND:USW00094728,40,4.0,2005,3,6
2005-03-07,TAVG,GHCND:USW00094728,48,4.8,2005,3,7
2005-03-08,TAVG,GHCND:USW00094728,38,3.8,2005,3,8
2005-03-09,TAVG,GHCND:USW00094728,24,2.4,2005,3,9
2005-03-10,TAVG,GHCND:USW00094728,28,2.8,2005,3,10
2005-03-11,TAVG,GHCND:USW00094728,34,3.4,2005,3,11
2005-03-12,TAVG,GHCND:USW00094728,38,3.8,2005,3,12
2005-03-13,TAVG,GHCND:USW00094728,40,4.0,2005,3,13
2005-03-14,TAVG,GHCND:USW00094728,34,3.4,2005,3,14
2005-03-15,TAVG,GHCND:USW00094728,37,3.7,2005,3,15
2005-03-16,TAVG,GHCND:USW00094728,39,3.9,2005,3,16
2005-03-17,TAVG,GHCND:USW00094728,41,4.1,2005,3,17
2005-03-18,TAVG,GHCND:USW00094728,44,4.4,2005,3,18
2005-03-19,TAVG,GHCND:USW00094728,43,4.3,2005,3,19
2005-03-20,TAVG,GHCND:USW00094728,42,4.2,2005,3,20
2005-03-21,TAVG,GHCND:USW00094728,42,4.2,2005,3,21
2005-03-22,TAVG,GHCND:USW00094728,46,4.6,2005,3,22
2005-03-23,TAVG,GHCND:USW00094728,40,4.0,2005,3,23
2005-03-24,TAVG,GHCND:USW00094728,39,3.9,2005,3,24
2005-03-25,TAVG,GHCND:USW00094728,44,4.4,2005,3,25
2005-03-26,TAVG,GHCND:USW00094728,43,4.3,2005,3,26
2005-03-27,TAVG,GHCND:USW00094728,44,4.4,2005,3,27
2005-03-28,TAVG,GHCND:USW00094728,43,4.3,2005,3,28
2005-03-29,TAVG,GHCND:USW00094728,52,5.2,2005,3,29
2005-03-30,TAVG,GHCND:USW00094728,54,5.4,2005,3,30
2005-03-31,TAVG,GHCND:USW00094728,48,4.8,2005,3,31
2005-04-01,TAVG,GHCND:USW00094728,47,4.7,2005,4,1
2005-04-02,TAVG,GHCND:USW00094728,49,4.9,2005,4,2
2005-04-03,TAVG,GHCND:USW00094728,45,4.5,2005,4,3
2005-04-04,TAVG,GHCND:USW00094728,50,5.0,2005,4,4
2005-04-05,TAVG,GHCND:USW00094728,56,5.6,2005,4,5
2005-04-06,TAVG,GHCND:USW00094728,64,6.4,2005,4,6
2005-04-07,TAVG,GHCND:USW00094728,64,6.4,2005,4,7
2005-04-08,TAVG,GHCND:USW00094728,53,5.3,2005,4,8
2005-04-09,TAVG,GHCND:USW00094728,54,5.4,2005,4,9
2005-04-10,TAVG,GHCND:USW00094728,59,5.9,2005,4,10
2005-04-11,TAVG,GHCND:USW00094728,52,5.2,2005,4,11
2005-04-12,TAVG,GHCND:USW00094728,48,4.8,2005,4,12
2005-04-13,TAVG,GHCND:USW00094728,49,4.9,2005,4,13
2005-04-14,TAVG,GHCND:USW00094728,55,5.5,2005,4,14
2005-04-15,TAVG,GHCND:USW00094728,49,4.9,2005,4,15
2005-04-16,TAVG,GHCND:USW00094728,52,5.2,2005,4,16
2005-04-17,TAVG,GHCND:USW00094728,60,6.0,2005,4,17
2005-04-18,TAVG,GHCND:USW00094728,66,6.6,2005,4,18
2005-04-19,TAVG,GHCND:USW00094728,64,6.4,2005,4,19
2005-04-20,TAVG,GHCND:USW00094728,76,7.6,2005,4,20
2005-04-21,TAVG,GHCND:USW00094728,61,6.1,2005,4,21
2005-04-22,TAVG,GHCND:USW00094728,52,5.2,2005,4,22
2005-04-23,TAVG,GHCND:USW00094728,54,5.4,2005,4,23
2005-04-24,TAVG,GHCND:USW00094728,50,5.0,2005,4,24
2005-04-25,TAVG,GHCND:USW00094728,47,4.7,2005,4,25
2005-04-26,TAVG,GHCND:USW00094728,59,5.9,2005,4,26
2005-04-27,TAVG,GHCND:USW00094728,59,5.9,2005,4,27
2005-04-28,TAVG,GHCND:USW00094728,58,5.8,2005,4,28
2005-04-29,TAVG,GHCND:USW00094728,56,5.6,2005,4,29
2005-04-30,TAVG,GHCND:USW00094728,54,5.4,2005,4,30
2005-05-01,TAVG,GHCND:USW00094728,58,5.8,2005,5,1
2005-05-02,TAVG,GHCND:USW00094728,55,5.5,2005,5,2
2005-05-03,TAVG,GHCND:USW00094728,50,5.0,2005,5,3
2005-05-04,TAVG,GHCND:USW00094728,53,5.3,2005,5,4
2005-05-05,TAVG,GHCND:USW00094728,55,5.5,2005,5,5
2005-05-06,TAVG,GHCND:USW00094728,50,5.0,2005,5,6
2005-05-07,TAVG,GHCND:USW00094728,55,5.5,2005,5,7
2005-05-08,TAVG,GHCND:USW00094728,57,5.7,2005,5,8
2005-05-09,TAVG,GHCND:USW00094728,61,6.1,2005,5,9
2005-05-10,TAVG,GHCND:USW00094728,59,5.9,2005,5,10
2005-05-11,TAVG,GHCND:USW00094728,62,6.2,2005,5,11
2005-05-12,TAVG,GHCND:USW00094728,61,6.1,2005,5,12
2005-05-13,TAVG,GHCND:USW00094728,55,5.5,2005,5,13
2005-05-14,TAVG,GHCND:USW00094728,64,6.4,2005,5,14
2005-05-15,TAVG,GHCND:USW00094728,68,6.8,2005,5,15
2005-05-16,TAVG,GHCND:USW00094728,63,6.3,2005,5,16
2005-05-17,TAVG,GHCND:USW00094728,61,6.1,2005,5,17
2005-05-18,TAVG,GHCND:USW00094728,62,6.2,2005,5,18
2005-05-19,TAVG,GHCND:USW00094728,62,6.2,2005,5,19
2005-05-20,TAVG,GHCND:USW00094728,53,5.3,2005,5,20
2005-05-21,TAVG,GHCND:USW00094728,59,5.9,2005,5,21
2005-05-22,TAVG,GHCND:USW00094728,57,5.7,2005,5,22
2005-05-23,TAVG,GHCND:USW00094728,57,5.7,2005,5,23
2005-05-24,TAVG,GHCND:USW00094728,56,5.6,2005,5,24
2005-05-25,TAVG,GHCND:USW00094728,51,5.1,2005,5,25
2005-05-26,TAVG,GHCND:USW00094728,55,5.5,2005,5,26
2005-05-27,TAVG,GHCND:USW00094728,68,6.8,2005,5,27
2005-05-28,TAVG,GHCND:USW00094728,68,6.8,2005,5,28
2005-05-29,TAVG,GHCND:USW00094728,65,6.5,2005,5,29
2005-05-30,TAVG,GHCND:USW00094728,66,6.6,2005,5,30
2005-05-31,TAVG,GHCND:USW00094728,68,6.8,2005,5,31
2005-06-01,TAVG,GHCND:USW00094728,61,6.1,2005,6,1
2005-06-02,TAVG,GHCND:USW00094728,62,6.2,2005,6,2
2005-06-03,TAVG,GHCND:USW00094728,63,6.3,2005,6,3
2005-06-04,TAVG,GHCND:USW00094728,72,7.2,2005,6,4
2005-06-05,TAVG,GHCND:USW00094728,77,7.7,2005,6,5
2005-06-06,TAVG,GHCND:USW00094728,77,7.7,2005,6,6
2005-06-07,TAVG,GHCND:USW00094728,77,7.7,2005,6,7
2005-06-08,TAVG,GHCND:USW00094728,83,8.3,2005,6,8
2005-06-09,TAVG,GHCND:USW00094728,80,8.0,2005,6,9
2005-06-10,TAVG,GHCND:USW00094728,76,7.6,2005,6,10
2005-06-11,TAVG,GHCND:USW00094728,78,7.8,2005,6,11
2005-06-12,TAVG,GHCND:USW00094728,80,8.0,2005,6,12
2005-06-13,TAVG,GHCND:USW00094728,82,8.2,2005,6,13
2005-06-14,TAVG,GHCND:USW00094728,85,8.5,2005,6,14
2005-06-15,TAVG,GHCND:USW00094728,73,7.3,2005,6,15
2005-06-16,TAVG,GHCND:USW00094728,70,7.0,2005,6,16
2005-06-17,TAVG,GHCND:USW00094728,67,6.7,2005,6,17
2005-06-18,TAVG,GHCND:USW00094728,69,6.9,2005,6,18
2005-06-19,TAVG,GHCND:USW00094728,67,6.7,2005,6,19
2005-06-20,TAVG,GHCND:USW00094728,68,6.8,2005,6,20
2005-06-21,TAVG,GHCND:USW00094728,71,7.1,2005,6,21
2005-06-22,TAVG,GHCND:USW00094728,74,7.4,2005,6,22
2005-06-23,TAVG,GHCND:USW00094728,70,7.0,2005,6,23
2005-06-24,TAVG,GHCND:USW00094728,74,7.4,2005,6,24
2005-06-25,TAVG,GHCND:USW00094728,80,8.0,2005,6,25
2005-06-26,TAVG,GHCND:USW00094728,83,8.3,2005,6,26
2005-06-27,TAVG,GHCND:USW00094728,75,7.5,2005,6,27
2005-06-28,TAVG,GHCND:USW00094728,79,7.9,2005,6,28
2005-06-29,TAVG,GHCND:USW00094728,79,7.9,2005,6,29
2005-06-30,TAVG,GHCND:USW00094728,77,7.7,2005,6,30
2005-07-01,TAVG,GHCND:USW00094728,77,7.7,2005,7,1
2005-07-02,TAVG,GHCND:USW00094728,76,7.6,2005,7,2
2005-07-03,TAVG,GHCND:USW00094728,72,7.2,2005,7,3
2005-07-04,TAVG,GHCND:USW00094728,73,7.3,2005,7,4
2005-07-05,TAVG,GHCND:USW00094728,75,7.5,2005,7,5
2005-07-06,TAVG,GHCND:USW00094728,76,7.6,2005,7,6
2005-07-07,TAVG,GHCND:USW00094728,69,6.9,2005,7,7
2005-07-08,TAVG,GHCND:USW00094728,64,6.4,2005,7,8
2005-07-09,TAVG,GHCND:USW00094728,72,7.2,2005,7,9
2005-07-10,TAVG,GHCND:USW00094728,79,7.9,2005,7,10
2005-07-11,TAVG,GHCND:USW00094728,81,8.1,2005,7,11
2005-07-12,TAVG,GHCND:USW00094728,77,7.7,2005,7,12
2005-07-13,TAVG,GHCND:USW00094728,73,7.3,2005,7,13
2005-07-14,TAVG,GHCND:USW00094728,78,7.8,2005,7,14
2005-07-15,TAVG,GHCND:USW00094728,79,7.9,2005,7,15
2005-07-16,TAVG,GHCND:USW00094728,78,7.8,2005,7,16
2005-07-17,TAVG,GHCND:USW00094728,78,7.8,2005,7,17
2005-07-18,TAVG,GHCND:USW00094728,83,8.3,2005,7,18
2005-07-19,TAVG,GHCND:USW00094728,85,8.5,2005,7,19
2005-07-20,TAVG,GHCND:USW00094728,83,8.3,2005,7,20
2005-07-21,TAVG,GHCND:USW00094728,82,8.2,2005,7,21
2005-07-22,TAVG,GHCND:USW00094728,83,8.3,2005,7,22
2005-07-23,TAVG,GHCND:USW00094728,79,7.9,2005,7,23
2005-07-24,TAVG,GHCND:USW00094728,78,7.8,2005,7,24
2005-07-25,TAVG,GHCND:USW00094728,81,8.1,2005,7,25
2005-07-26,TAVG,GHCND:USW00094728,86,8.6,2005,7,26
2005-07-27,TAVG,GHCND:USW00094728,85,8.5,2005,7,27
2005-07-28,TAVG,GHCND:USW00094728,76,7.6,2005,7,28
2005-07-29,TAVG,GHCND:USW00094728,78,7.8,2005,7,29
2005-07-30,TAVG,GHCND:USW00094728,80,8.0,2005,7,30
2005-07-31,TAVG,GHCND:USW00094728,76,7.6,2005,7,31
